potato pie||cauliflower||creme brulee 
hasenpfeffer||peas||melopita 
||broccali||melopita 
||kale||creme brulee 
Miquel's Pizza||roasted green beans||cinnamon brioche 
hasenpfeffer||potato au gratin||melopita 
ciopinno||roasted green beans||green chile chocolate tart 
green coconut curry||kale||cinnamon brioche 
pesce con vivo||kale||tavuk göğsü 
potato pie||Chef John 5-spice carrots||cherry ice cream 
potato pie||Chef John 5-spice carrots||cherry ice cream 
pesce con vivo||potato au gratin||green chile chocolate tart 
pesce con vivo||cauliflower||melopita 
haggis||brussels sprouts||tavuk göğsü 
hasenpfeffer||potato au gratin||saffron kheer 
green coconut curry||cauliflower|| 
haggis||cauliflower||tavuk göğsü 
pesce con vivo||roasted green beans||melopita 
haggis||potato au gratin||saffron kheer 
||peas||green chile chocolate tart 
pesce con vivo||peas||tavuk göğsü 
Miquel's Pizza||potato au gratin||saffron kheer 
hasenpfeffer||peas||melopita 
falafel||peas||creme brulee 
pesce con vivo||Chef John 5-spice carrots||creme brulee 
green coconut curry||brussels sprouts||melopita 
falafel||roasted green beans||tavuk göğsü 
hasenpfeffer||kale||cinnamon brioche 
potato pie||brussels sprouts|| 
ciopinno||roasted green beans||cinnamon brioche 
||potato au gratin||melopita 
pesce con vivo||brussels sprouts||green chile chocolate tart 
haggis||roasted green beans||tavuk göğsü 
haggis||roasted green beans||melopita 
falafel||brussels sprouts|| 
falafel||cauliflower||melopita 
haggis||Chef John 5-spice carrots||green chile chocolate tart 
||brussels sprouts||melopita 
potato pie||broccali||creme brulee 
ciopinno||brussels sprouts||melopita 
ciopinno||Chef John 5-spice carrots|| 
||cauliflower||green chile chocolate tart 
falafel||kale||green chile chocolate tart 
hasenpfeffer||broccali|| 
hasenpfeffer||kale||melopita 
green coconut curry||potato au gratin||tavuk göğsü 
ciopinno||broccali||creme brulee 
hasenpfeffer||potato au gratin||green chile chocolate tart 
ciopinno||Chef John 5-spice carrots||green chile chocolate tart 
potato pie||roasted green beans||mom's peach cobbler 
||peas||tavuk göğsü 
hasenpfeffer||peas||green chile chocolate tart 
hasenpfeffer||||melopita 
green coconut curry||kale||tavuk göğsü 
ciopinno||kale||mom's peach cobbler 
green coconut curry||peas||melopita 
pesce con vivo||cauliflower||mom's peach cobbler 
hasenpfeffer||cauliflower||melopita 
||peas||green chile chocolate tart 
hasenpfeffer||kale||cinnamon brioche 
ciopinno||Chef John 5-spice carrots||melopita 
hasenpfeffer||||tavuk göğsü 
green coconut curry||potato au gratin||green chile chocolate tart 
||kale|| 
haggis||broccali||tavuk göğsü 
potato pie||||cherry ice cream 
ciopinno||cauliflower||melopita 
pesce con vivo||||melopita 
||broccali||melopita 
||roasted green beans||melopita 
green coconut curry||Chef John 5-spice carrots||mom's peach cobbler 
pesce con vivo||broccali||mom's peach cobbler 
hasenpfeffer||peas||melopita 
hasenpfeffer||peas||mom's peach cobbler 
pesce con vivo||kale|| 
ciopinno||cauliflower|| 
hasenpfeffer||roasted green beans||green chile chocolate tart 
hasenpfeffer||roasted green beans||cinnamon brioche 
ciopinno||kale||saffron kheer 
green coconut curry||broccali||creme brulee 
falafel||broccali||tavuk göğsü 
||broccali|| 
|||| 
falafel||broccali|| 
ciopinno||peas||tavuk göğsü 
green coconut curry||brussels sprouts|| 
green coconut curry||Chef John 5-spice carrots||mom's peach cobbler 
falafel||Chef John 5-spice carrots||cherry ice cream 
falafel||broccali|| 
||potato au gratin||cherry ice cream 
falafel||potato au gratin||tavuk göğsü 
falafel||kale||creme brulee 
ciopinno||cauliflower||tavuk göğsü 
pesce con vivo||brussels sprouts||cinnamon brioche 
||cauliflower||cinnamon brioche 
green coconut curry||broccali||melopita 
potato pie||kale||melopita 
green coconut curry||broccali||cinnamon brioche 
haggis||broccali||cinnamon brioche 
pesce con vivo||roasted green beans||cinnamon brioche 
falafel||roasted green beans|| 
pesce con vivo||kale||green chile chocolate tart 
hasenpfeffer||broccali||melopita 
ciopinno||kale||tavuk göğsü 
potato pie||Chef John 5-spice carrots||creme brulee 
haggis||brussels sprouts|| 
||kale|| 
||Chef John 5-spice carrots|| 
falafel||brussels sprouts||creme brulee 
green coconut curry||broccali||mom's peach cobbler 
Miquel's Pizza||broccali||cherry ice cream 
falafel||roasted green beans||creme brulee 
falafel||kale||saffron kheer 
falafel||kale|| 
falafel||Chef John 5-spice carrots||saffron kheer 
hasenpfeffer||peas||cinnamon brioche 
haggis||kale||tavuk göğsü 
ciopinno||||saffron kheer 
||broccali||cinnamon brioche 
ciopinno|||| 
pesce con vivo||broccali||creme brulee 
ciopinno||roasted green beans||creme brulee 
ciopinno||potato au gratin|| 
potato pie||Chef John 5-spice carrots||tavuk göğsü 
pesce con vivo||broccali||tavuk göğsü 
haggis||roasted green beans||saffron kheer 
green coconut curry||peas||green chile chocolate tart 
Miquel's Pizza||brussels sprouts|| 
haggis||||cherry ice cream 
||brussels sprouts||creme brulee 
pesce con vivo||peas||mom's peach cobbler 
ciopinno||brussels sprouts||creme brulee 
pesce con vivo||||tavuk göğsü 
ciopinno||brussels sprouts||saffron kheer 
green coconut curry||roasted green beans||mom's peach cobbler 
falafel||Chef John 5-spice carrots||melopita 
potato pie||||creme brulee 
||kale||cherry ice cream 
green coconut curry||roasted green beans||mom's peach cobbler 
pesce con vivo||cauliflower||green chile chocolate tart 
haggis||potato au gratin|| 
green coconut curry||broccali||melopita 
hasenpfeffer||broccali|| 
||||cinnamon brioche 
green coconut curry||peas||cinnamon brioche 
potato pie||potato au gratin|| 
Miquel's Pizza||broccali||cinnamon brioche 
pesce con vivo||kale||cinnamon brioche 
Miquel's Pizza||broccali||saffron kheer 
falafel||Chef John 5-spice carrots||melopita 
haggis||||saffron kheer 
green coconut curry||||mom's peach cobbler 
ciopinno||Chef John 5-spice carrots||saffron kheer 
potato pie||||cinnamon brioche 
Miquel's Pizza||potato au gratin||cinnamon brioche 
falafel||peas||saffron kheer 
Miquel's Pizza||roasted green beans||melopita 
||brussels sprouts||creme brulee 
Miquel's Pizza||peas||green chile chocolate tart 
||peas||cherry ice cream 
green coconut curry||potato au gratin||saffron kheer 
potato pie||peas||green chile chocolate tart 
ciopinno||kale||cinnamon brioche 
potato pie||roasted green beans||creme brulee 
||cauliflower||melopita 
Miquel's Pizza||kale||melopita 
haggis||potato au gratin||cinnamon brioche 
haggis||Chef John 5-spice carrots|| 
hasenpfeffer||potato au gratin|| 
Miquel's Pizza||potato au gratin||melopita 
haggis||brussels sprouts||mom's peach cobbler 
potato pie||peas||green chile chocolate tart 
pesce con vivo||cauliflower||mom's peach cobbler 
||kale||cinnamon brioche 
haggis||roasted green beans||cinnamon brioche 
green coconut curry||||mom's peach cobbler 
green coconut curry||peas||cinnamon brioche 
falafel||brussels sprouts||cherry ice cream 
haggis||broccali||melopita 
green coconut curry||Chef John 5-spice carrots||tavuk göğsü 
hasenpfeffer||Chef John 5-spice carrots||tavuk göğsü 
hasenpfeffer||roasted green beans|| 
potato pie||potato au gratin||green chile chocolate tart 
||cauliflower||mom's peach cobbler 
ciopinno||potato au gratin||green chile chocolate tart 
||brussels sprouts||green chile chocolate tart 
green coconut curry||kale|| 
green coconut curry||peas||cinnamon brioche 
Miquel's Pizza||Chef John 5-spice carrots|| 
potato pie|||| 
haggis||roasted green beans|| 
potato pie||||creme brulee 
ciopinno||Chef John 5-spice carrots||green chile chocolate tart 
ciopinno||Chef John 5-spice carrots||green chile chocolate tart 
pesce con vivo||cauliflower||green chile chocolate tart 
hasenpfeffer||Chef John 5-spice carrots||mom's peach cobbler 
haggis||Chef John 5-spice carrots||mom's peach cobbler 
||peas||mom's peach cobbler 
pesce con vivo||brussels sprouts||cherry ice cream 
pesce con vivo||kale||saffron kheer 
hasenpfeffer||potato au gratin|| 
ciopinno||brussels sprouts|| 
hasenpfeffer||||mom's peach cobbler 
falafel||Chef John 5-spice carrots||saffron kheer 
ciopinno||Chef John 5-spice carrots||tavuk göğsü 
pesce con vivo||kale||mom's peach cobbler 
potato pie||||saffron kheer 
||roasted green beans||melopita 
pesce con vivo||broccali||cinnamon brioche 
haggis||||cinnamon brioche 
pesce con vivo||||saffron kheer 
potato pie||kale||mom's peach cobbler 
hasenpfeffer|||| 
potato pie||peas||green chile chocolate tart 
green coconut curry||broccali||saffron kheer 
Miquel's Pizza||broccali||cherry ice cream 
pesce con vivo||kale||cinnamon brioche 
ciopinno||||cherry ice cream 
potato pie||Chef John 5-spice carrots||green chile chocolate tart 
falafel||broccali||cinnamon brioche 
green coconut curry||roasted green beans||creme brulee 
pesce con vivo||roasted green beans||saffron kheer 
Miquel's Pizza||cauliflower||creme brulee 
potato pie||brussels sprouts||melopita 
falafel||||mom's peach cobbler 
||peas||melopita 
hasenpfeffer||Chef John 5-spice carrots||tavuk göğsü 
potato pie||cauliflower||melopita 
potato pie||roasted green beans||melopita 
potato pie||brussels sprouts||tavuk göğsü 
ciopinno||cauliflower||green chile chocolate tart 
potato pie||broccali||cinnamon brioche 
haggis|||| 
haggis||roasted green beans||melopita 
potato pie||Chef John 5-spice carrots||green chile chocolate tart 
hasenpfeffer||Chef John 5-spice carrots||tavuk göğsü 
falafel||||melopita 
pesce con vivo||broccali||cherry ice cream 
falafel||||creme brulee 
||||melopita 
green coconut curry||broccali||saffron kheer 
Miquel's Pizza||cauliflower||cinnamon brioche 
||kale||cherry ice cream 
green coconut curry||potato au gratin||tavuk göğsü 
pesce con vivo||cauliflower|| 
potato pie||||tavuk göğsü 
falafel||cauliflower||mom's peach cobbler 
pesce con vivo||||creme brulee 
ciopinno|||| 
ciopinno||cauliflower||cherry ice cream 
Miquel's Pizza||roasted green beans||mom's peach cobbler 
hasenpfeffer||brussels sprouts||tavuk göğsü 
green coconut curry||||green chile chocolate tart 
ciopinno||brussels sprouts||cinnamon brioche 
||potato au gratin||creme brulee 
hasenpfeffer||roasted green beans||tavuk göğsü 
ciopinno||cauliflower||cherry ice cream 
haggis||brussels sprouts||mom's peach cobbler 
haggis||cauliflower||green chile chocolate tart 
||kale||creme brulee 
||peas||saffron kheer 
ciopinno||broccali||saffron kheer 
potato pie||brussels sprouts||saffron kheer 
haggis||cauliflower|| 
hasenpfeffer||||cinnamon brioche 
ciopinno||Chef John 5-spice carrots||saffron kheer 
green coconut curry||potato au gratin||mom's peach cobbler 
haggis||cauliflower||cherry ice cream 
hasenpfeffer||Chef John 5-spice carrots||cherry ice cream 
hasenpfeffer||Chef John 5-spice carrots||cinnamon brioche 
potato pie|||| 
green coconut curry||cauliflower||mom's peach cobbler 
pesce con vivo||cauliflower|| 
ciopinno||broccali||green chile chocolate tart 
green coconut curry||potato au gratin||creme brulee 
green coconut curry||kale||mom's peach cobbler 
haggis||cauliflower||cherry ice cream 
potato pie||Chef John 5-spice carrots||saffron kheer 
||brussels sprouts||green chile chocolate tart 
Miquel's Pizza||brussels sprouts|| 
Miquel's Pizza||kale||cinnamon brioche 
||broccali||melopita 
pesce con vivo||Chef John 5-spice carrots||mom's peach cobbler 
||cauliflower||creme brulee 
potato pie||roasted green beans||tavuk göğsü 
green coconut curry||broccali||saffron kheer 
potato pie||roasted green beans||green chile chocolate tart 
falafel||brussels sprouts||tavuk göğsü 
falafel||broccali||saffron kheer 
pesce con vivo||Chef John 5-spice carrots||melopita 
potato pie||peas||saffron kheer 
green coconut curry||roasted green beans||green chile chocolate tart 
||cauliflower||creme brulee 
hasenpfeffer||||cinnamon brioche 
hasenpfeffer||cauliflower||saffron kheer 
falafel||peas||cherry ice cream 
falafel||broccali||green chile chocolate tart 
hasenpfeffer||peas||cherry ice cream 
hasenpfeffer||roasted green beans||saffron kheer 
||kale||saffron kheer 
potato pie||kale||melopita 
green coconut curry||Chef John 5-spice carrots||tavuk göğsü 
hasenpfeffer|||| 
hasenpfeffer||brussels sprouts||cherry ice cream 
haggis||||cinnamon brioche 
haggis||peas||melopita 
green coconut curry||cauliflower||green chile chocolate tart 
potato pie||kale||cinnamon brioche 
ciopinno||roasted green beans||green chile chocolate tart 
haggis||||cinnamon brioche 
hasenpfeffer||kale||saffron kheer 
falafel||cauliflower||cherry ice cream 
Miquel's Pizza||brussels sprouts||cinnamon brioche 
green coconut curry||potato au gratin||cherry ice cream 
ciopinno||roasted green beans||tavuk göğsü 
pesce con vivo||roasted green beans||creme brulee 
falafel||Chef John 5-spice carrots||saffron kheer 
falafel||roasted green beans||saffron kheer 
hasenpfeffer||kale||tavuk göğsü 
||||creme brulee 
hasenpfeffer||peas||melopita 
green coconut curry||brussels sprouts||creme brulee 
hasenpfeffer||potato au gratin||melopita 
potato pie||peas|| 
ciopinno||Chef John 5-spice carrots|| 
haggis|||| 
haggis||Chef John 5-spice carrots||melopita 
||Chef John 5-spice carrots|| 
hasenpfeffer||||mom's peach cobbler 
falafel|||| 
falafel||peas||cherry ice cream 
||kale||green chile chocolate tart 
potato pie||peas||mom's peach cobbler 
Miquel's Pizza||brussels sprouts|| 
pesce con vivo||cauliflower||green chile chocolate tart 
||potato au gratin||saffron kheer 
Miquel's Pizza||||creme brulee 
potato pie||roasted green beans||melopita 
potato pie||brussels sprouts||tavuk göğsü 
green coconut curry||brussels sprouts||green chile chocolate tart 
pesce con vivo||brussels sprouts||saffron kheer 
ciopinno||||green chile chocolate tart 
green coconut curry||broccali||cherry ice cream 
falafel||brussels sprouts||green chile chocolate tart 
hasenpfeffer||kale||cherry ice cream 
ciopinno||peas||cinnamon brioche 
hasenpfeffer||potato au gratin|| 
Miquel's Pizza||potato au gratin||cherry ice cream 
hasenpfeffer||peas||saffron kheer 
pesce con vivo||peas||green chile chocolate tart 
ciopinno||potato au gratin||saffron kheer 
Miquel's Pizza||peas||cinnamon brioche 
pesce con vivo||peas|| 
||Chef John 5-spice carrots||green chile chocolate tart 
ciopinno||cauliflower||creme brulee 
Miquel's Pizza||cauliflower|| 
pesce con vivo||cauliflower||cherry ice cream 
pesce con vivo||cauliflower||green chile chocolate tart 
Miquel's Pizza||peas||cinnamon brioche 
haggis||peas||tavuk göğsü 
green coconut curry||broccali||melopita 
hasenpfeffer||roasted green beans||tavuk göğsü 
potato pie||roasted green beans||creme brulee 
potato pie||kale||saffron kheer 
Miquel's Pizza||cauliflower||saffron kheer 
haggis||potato au gratin|| 
pesce con vivo||brussels sprouts||mom's peach cobbler 
haggis||kale||tavuk göğsü 
green coconut curry||kale||tavuk göğsü 
pesce con vivo||peas||cherry ice cream 
||roasted green beans||tavuk göğsü 
||potato au gratin||creme brulee 
Miquel's Pizza||broccali||melopita 
potato pie||kale||tavuk göğsü 
ciopinno||kale||cherry ice cream 
haggis||||cherry ice cream 
falafel||roasted green beans||tavuk göğsü 
falafel||potato au gratin||melopita 
||potato au gratin|| 
ciopinno||broccali||saffron kheer 
||cauliflower||cinnamon brioche 
pesce con vivo||broccali||green chile chocolate tart 
haggis||Chef John 5-spice carrots||mom's peach cobbler 
potato pie||cauliflower||tavuk göğsü 
potato pie||peas||tavuk göğsü 
haggis||||cherry ice cream 
||||melopita 
falafel||Chef John 5-spice carrots||cinnamon brioche 
||potato au gratin||cinnamon brioche 
||brussels sprouts||cherry ice cream 
green coconut curry||brussels sprouts|| 
hasenpfeffer||potato au gratin|| 
hasenpfeffer||||tavuk göğsü 
hasenpfeffer||Chef John 5-spice carrots||green chile chocolate tart 
pesce con vivo||peas||cinnamon brioche 
hasenpfeffer||roasted green beans||saffron kheer 
||roasted green beans||melopita 
falafel||Chef John 5-spice carrots||mom's peach cobbler 
pesce con vivo||broccali||creme brulee 
hasenpfeffer||brussels sprouts||green chile chocolate tart 
ciopinno||broccali||melopita 
Miquel's Pizza||kale||cinnamon brioche 
pesce con vivo||Chef John 5-spice carrots||melopita 
green coconut curry||kale||melopita 
||brussels sprouts||cinnamon brioche 
ciopinno||Chef John 5-spice carrots||melopita 
pesce con vivo||peas||cherry ice cream 
||broccali||saffron kheer 
||peas||creme brulee 
ciopinno||broccali||saffron kheer 
||brussels sprouts||creme brulee 
hasenpfeffer||||cinnamon brioche 
ciopinno||kale|| 
haggis||||creme brulee 
haggis||cauliflower|| 
ciopinno||brussels sprouts||cinnamon brioche 
haggis||||green chile chocolate tart 
hasenpfeffer||||cinnamon brioche 
potato pie||roasted green beans|| 
green coconut curry||potato au gratin||cherry ice cream 
falafel||Chef John 5-spice carrots||cherry ice cream 
green coconut curry||broccali||tavuk göğsü 
haggis||peas||green chile chocolate tart 
falafel||roasted green beans||melopita 
green coconut curry||potato au gratin||mom's peach cobbler 
green coconut curry||||mom's peach cobbler 
hasenpfeffer||roasted green beans||cinnamon brioche 
green coconut curry||roasted green beans|| 
pesce con vivo||kale||mom's peach cobbler 
falafel||peas||saffron kheer 
falafel||roasted green beans||cinnamon brioche 
green coconut curry||brussels sprouts||cherry ice cream 
ciopinno||peas||melopita 
ciopinno||broccali||tavuk göğsü 
pesce con vivo||broccali||saffron kheer 
green coconut curry||cauliflower||mom's peach cobbler 
||cauliflower||cinnamon brioche 
green coconut curry||broccali||tavuk göğsü 
green coconut curry||Chef John 5-spice carrots||tavuk göğsü 
potato pie||potato au gratin||green chile chocolate tart 
haggis||Chef John 5-spice carrots||mom's peach cobbler 
ciopinno||Chef John 5-spice carrots||cherry ice cream 
green coconut curry||brussels sprouts||cherry ice cream 
||Chef John 5-spice carrots||cinnamon brioche 
||roasted green beans||melopita 
hasenpfeffer||kale||cinnamon brioche 
haggis||roasted green beans||mom's peach cobbler 
hasenpfeffer||peas||cherry ice cream 
falafel||Chef John 5-spice carrots|| 
potato pie||brussels sprouts||cinnamon brioche 
hasenpfeffer||cauliflower||green chile chocolate tart 
hasenpfeffer||potato au gratin||mom's peach cobbler 
ciopinno||||creme brulee 
hasenpfeffer||roasted green beans||melopita 
haggis||potato au gratin|| 
ciopinno||kale||tavuk göğsü 
haggis||peas||cherry ice cream 
Miquel's Pizza||kale||cherry ice cream 
potato pie||brussels sprouts||cinnamon brioche 
falafel||||mom's peach cobbler 
ciopinno||potato au gratin||tavuk göğsü 
haggis||cauliflower||mom's peach cobbler 
potato pie||roasted green beans||cherry ice cream 
pesce con vivo||cauliflower||melopita 
Miquel's Pizza||||green chile chocolate tart 
green coconut curry||peas||green chile chocolate tart 
haggis||cauliflower||melopita 
potato pie||broccali||creme brulee 
hasenpfeffer||||saffron kheer 
||potato au gratin||green chile chocolate tart 
haggis||peas||cinnamon brioche 
ciopinno||peas||cinnamon brioche 
hasenpfeffer||broccali||green chile chocolate tart 
hasenpfeffer||potato au gratin||cherry ice cream 
pesce con vivo||Chef John 5-spice carrots||mom's peach cobbler 
green coconut curry||peas||creme brulee 
potato pie||broccali|| 
pesce con vivo||||green chile chocolate tart 
falafel||Chef John 5-spice carrots||tavuk göğsü 
haggis||roasted green beans||green chile chocolate tart 
hasenpfeffer||peas||saffron kheer 
||cauliflower||cherry ice cream 
hasenpfeffer||roasted green beans||creme brulee 
pesce con vivo||roasted green beans||cherry ice cream 
||roasted green beans||tavuk göğsü 
haggis||broccali|| 
hasenpfeffer||Chef John 5-spice carrots||green chile chocolate tart 
potato pie||brussels sprouts||green chile chocolate tart 
green coconut curry||Chef John 5-spice carrots|| 
potato pie||cauliflower||saffron kheer 
||kale||cherry ice cream 
green coconut curry||||green chile chocolate tart 
hasenpfeffer||peas||melopita 
pesce con vivo||||cherry ice cream 
Miquel's Pizza|||| 
potato pie||roasted green beans|| 
Miquel's Pizza||potato au gratin||mom's peach cobbler 
hasenpfeffer||brussels sprouts||cinnamon brioche 
green coconut curry||cauliflower||cinnamon brioche 
hasenpfeffer||brussels sprouts||cherry ice cream 
ciopinno||roasted green beans||tavuk göğsü 
ciopinno||brussels sprouts||saffron kheer 
pesce con vivo||||cinnamon brioche 
pesce con vivo||Chef John 5-spice carrots||green chile chocolate tart 
pesce con vivo||kale||cherry ice cream 
||broccali||tavuk göğsü 
hasenpfeffer||Chef John 5-spice carrots||creme brulee 
||potato au gratin||green chile chocolate tart 
Miquel's Pizza||peas||cinnamon brioche 
ciopinno||Chef John 5-spice carrots||cinnamon brioche 
green coconut curry||cauliflower||cherry ice cream 
potato pie||Chef John 5-spice carrots|| 
pesce con vivo||brussels sprouts||green chile chocolate tart 
falafel||peas||creme brulee 
Miquel's Pizza||cauliflower||green chile chocolate tart 
potato pie||||green chile chocolate tart 
potato pie||broccali||saffron kheer 
Miquel's Pizza||kale||cinnamon brioche 
potato pie||roasted green beans||creme brulee 
falafel||broccali||melopita 
green coconut curry||potato au gratin||mom's peach cobbler 
haggis||peas||melopita 
||peas||cherry ice cream 
pesce con vivo||||green chile chocolate tart 
hasenpfeffer||||green chile chocolate tart 
ciopinno||kale||green chile chocolate tart 
ciopinno||potato au gratin|| 
falafel||potato au gratin||cinnamon brioche 
haggis||kale||mom's peach cobbler 
hasenpfeffer||brussels sprouts||saffron kheer 
green coconut curry||||cinnamon brioche 
potato pie||roasted green beans||tavuk göğsü 
falafel||peas||cinnamon brioche 
ciopinno||kale|| 
haggis||cauliflower||melopita 
ciopinno||kale||melopita 
ciopinno||||melopita 
Miquel's Pizza||peas||creme brulee 
||roasted green beans||tavuk göğsü 
pesce con vivo||brussels sprouts||tavuk göğsü 
green coconut curry||cauliflower||melopita 
green coconut curry||brussels sprouts||tavuk göğsü 
Miquel's Pizza||broccali||cherry ice cream 
||potato au gratin||tavuk göğsü 
pesce con vivo||peas||cinnamon brioche 
Miquel's Pizza||peas||saffron kheer 
|||| 
Miquel's Pizza||peas||melopita 
haggis||roasted green beans||cherry ice cream 
haggis||peas||cherry ice cream 
||potato au gratin||mom's peach cobbler 
pesce con vivo||roasted green beans||cherry ice cream 
Miquel's Pizza||Chef John 5-spice carrots||cinnamon brioche 
falafel||brussels sprouts||green chile chocolate tart 
Miquel's Pizza||roasted green beans||cinnamon brioche 
falafel||roasted green beans||cinnamon brioche 
Miquel's Pizza||peas|| 
haggis||cauliflower||creme brulee 
potato pie||roasted green beans||mom's peach cobbler 
falafel||potato au gratin||cherry ice cream 
haggis||brussels sprouts||cinnamon brioche 
ciopinno||peas||melopita 
pesce con vivo||kale||creme brulee 
ciopinno||roasted green beans||cherry ice cream 
falafel||kale||mom's peach cobbler 
pesce con vivo||peas||cinnamon brioche 
green coconut curry||cauliflower||creme brulee 
Miquel's Pizza||kale||cinnamon brioche 
ciopinno||Chef John 5-spice carrots||saffron kheer 
ciopinno||Chef John 5-spice carrots||saffron kheer 
ciopinno||Chef John 5-spice carrots||cinnamon brioche 
Miquel's Pizza||cauliflower||melopita 
potato pie||brussels sprouts||green chile chocolate tart 
falafel||cauliflower||melopita 
||cauliflower||tavuk göğsü 
Miquel's Pizza||kale|| 
haggis||brussels sprouts||cherry ice cream 
||broccali|| 
green coconut curry||cauliflower|| 
pesce con vivo||roasted green beans||tavuk göğsü 
falafel||roasted green beans||tavuk göğsü 
haggis||roasted green beans||green chile chocolate tart 
pesce con vivo||cauliflower||mom's peach cobbler 
Miquel's Pizza||cauliflower||creme brulee 
green coconut curry||roasted green beans||green chile chocolate tart 
green coconut curry||broccali||saffron kheer 
green coconut curry||kale||cherry ice cream 
falafel||cauliflower||cherry ice cream 
||roasted green beans||melopita 
ciopinno||||green chile chocolate tart 
Miquel's Pizza||peas||melopita 
||potato au gratin||green chile chocolate tart 
green coconut curry||peas||tavuk göğsü 
haggis||brussels sprouts||cherry ice cream 
Miquel's Pizza||kale||cherry ice cream 
falafel||potato au gratin||creme brulee 
potato pie||peas||tavuk göğsü 
ciopinno||cauliflower||melopita 
falafel||||mom's peach cobbler 
falafel||potato au gratin||creme brulee 
pesce con vivo||brussels sprouts||cherry ice cream 
hasenpfeffer||Chef John 5-spice carrots|| 
pesce con vivo||broccali||tavuk göğsü 
green coconut curry||broccali||green chile chocolate tart 
green coconut curry||brussels sprouts||tavuk göğsü 
hasenpfeffer||brussels sprouts|| 
||kale||melopita 
potato pie||brussels sprouts||melopita 
Miquel's Pizza||brussels sprouts||cherry ice cream 
haggis||broccali||melopita 
ciopinno||peas||green chile chocolate tart 
Miquel's Pizza||brussels sprouts||saffron kheer 
hasenpfeffer||potato au gratin|| 
pesce con vivo||peas||cherry ice cream 
ciopinno||kale||melopita 
Miquel's Pizza||cauliflower||cherry ice cream 
haggis||potato au gratin||melopita 
falafel||roasted green beans|| 
ciopinno||broccali||cinnamon brioche 
green coconut curry||brussels sprouts||creme brulee 
haggis||cauliflower||cinnamon brioche 
falafel||roasted green beans||creme brulee 
ciopinno||Chef John 5-spice carrots||cherry ice cream 
falafel||broccali|| 
haggis||broccali||green chile chocolate tart 
hasenpfeffer||Chef John 5-spice carrots||mom's peach cobbler 
falafel||kale||cinnamon brioche 
Miquel's Pizza||broccali||green chile chocolate tart 
Miquel's Pizza||||melopita 
pesce con vivo||brussels sprouts||green chile chocolate tart 
green coconut curry||roasted green beans||green chile chocolate tart 
falafel||broccali||creme brulee 
||potato au gratin||cherry ice cream 
falafel||roasted green beans||green chile chocolate tart 
hasenpfeffer||Chef John 5-spice carrots||tavuk göğsü 
potato pie||||creme brulee 
potato pie||peas|| 
pesce con vivo||roasted green beans||tavuk göğsü 
haggis||kale||cinnamon brioche 
pesce con vivo||peas||creme brulee 
||kale||saffron kheer 
||||creme brulee 
haggis||cauliflower||creme brulee 
haggis||cauliflower||saffron kheer 
green coconut curry||peas|| 
ciopinno||cauliflower||saffron kheer 
potato pie||peas||creme brulee 
pesce con vivo||potato au gratin||cherry ice cream 
haggis||broccali||creme brulee 
ciopinno||cauliflower||creme brulee 
green coconut curry||broccali||green chile chocolate tart 
pesce con vivo||||tavuk göğsü 
hasenpfeffer||Chef John 5-spice carrots||mom's peach cobbler 
ciopinno||peas||green chile chocolate tart 
haggis||||melopita 
Miquel's Pizza||Chef John 5-spice carrots||tavuk göğsü 
potato pie||roasted green beans||creme brulee 
hasenpfeffer||potato au gratin||green chile chocolate tart 
falafel||brussels sprouts||tavuk göğsü 
||peas||melopita 
green coconut curry||potato au gratin||melopita 
hasenpfeffer||potato au gratin||melopita 
potato pie||cauliflower||melopita 
Miquel's Pizza||kale|| 
pesce con vivo||Chef John 5-spice carrots||green chile chocolate tart 
haggis||brussels sprouts||creme brulee 
pesce con vivo||potato au gratin||melopita 
||broccali|| 
potato pie||peas||saffron kheer 
haggis||Chef John 5-spice carrots||mom's peach cobbler 
potato pie||kale||mom's peach cobbler 
potato pie||potato au gratin|| 
||||saffron kheer 
ciopinno||||cherry ice cream 
hasenpfeffer||roasted green beans||mom's peach cobbler 
falafel||brussels sprouts||cherry ice cream 
potato pie||brussels sprouts||mom's peach cobbler 
pesce con vivo||potato au gratin|| 
hasenpfeffer||roasted green beans||mom's peach cobbler 
falafel||roasted green beans||green chile chocolate tart 
Miquel's Pizza||peas||creme brulee 
green coconut curry||cauliflower||cinnamon brioche 
falafel||kale||mom's peach cobbler 
Miquel's Pizza||broccali||green chile chocolate tart 
potato pie||kale||green chile chocolate tart 
falafel||roasted green beans||saffron kheer 
potato pie||roasted green beans||cherry ice cream 
green coconut curry||||tavuk göğsü 
falafel||peas||tavuk göğsü 
||cauliflower||mom's peach cobbler 
haggis||kale||tavuk göğsü 
haggis||peas||saffron kheer 
ciopinno||peas||green chile chocolate tart 
potato pie||kale||mom's peach cobbler 
ciopinno||||tavuk göğsü 
green coconut curry||cauliflower||saffron kheer 
Miquel's Pizza||||cherry ice cream 
pesce con vivo||Chef John 5-spice carrots||tavuk göğsü 
hasenpfeffer||||creme brulee 
hasenpfeffer||Chef John 5-spice carrots||melopita 
potato pie||brussels sprouts||saffron kheer 
pesce con vivo||peas||green chile chocolate tart 
potato pie||cauliflower||tavuk göğsü 
green coconut curry||broccali||melopita 
green coconut curry||potato au gratin||mom's peach cobbler 
pesce con vivo||brussels sprouts||melopita 
pesce con vivo||cauliflower||saffron kheer 
falafel||Chef John 5-spice carrots||saffron kheer 
pesce con vivo||peas||cherry ice cream 
hasenpfeffer||Chef John 5-spice carrots||green chile chocolate tart 
||cauliflower||saffron kheer 
green coconut curry||Chef John 5-spice carrots||mom's peach cobbler 
falafel||||cinnamon brioche 
||Chef John 5-spice carrots||cherry ice cream 
ciopinno||broccali||green chile chocolate tart 
haggis||kale||cinnamon brioche 
Miquel's Pizza||potato au gratin||creme brulee 
hasenpfeffer||Chef John 5-spice carrots||mom's peach cobbler 
pesce con vivo||roasted green beans||tavuk göğsü 
potato pie||brussels sprouts||green chile chocolate tart 
ciopinno||roasted green beans||saffron kheer 
potato pie||peas||melopita 
Miquel's Pizza||broccali||saffron kheer 
falafel||peas||cinnamon brioche 
||roasted green beans||melopita 
falafel||broccali||creme brulee 
potato pie||roasted green beans||mom's peach cobbler 
Miquel's Pizza||kale||tavuk göğsü 
||roasted green beans||creme brulee 
ciopinno||brussels sprouts||tavuk göğsü 
Miquel's Pizza||brussels sprouts||melopita 
ciopinno||Chef John 5-spice carrots||tavuk göğsü 
pesce con vivo||cauliflower|| 
Miquel's Pizza||||green chile chocolate tart 
pesce con vivo||brussels sprouts||cinnamon brioche 
pesce con vivo||brussels sprouts||green chile chocolate tart 
hasenpfeffer||peas||mom's peach cobbler 
falafel||potato au gratin||saffron kheer 
potato pie||brussels sprouts||saffron kheer 
haggis||Chef John 5-spice carrots||tavuk göğsü 
||potato au gratin||cherry ice cream 
ciopinno||peas||cinnamon brioche 
Miquel's Pizza||Chef John 5-spice carrots||green chile chocolate tart 
potato pie||roasted green beans||mom's peach cobbler 
||roasted green beans||saffron kheer 
haggis||roasted green beans||green chile chocolate tart 
ciopinno||potato au gratin||cinnamon brioche 
pesce con vivo||kale||cinnamon brioche 
ciopinno||roasted green beans||creme brulee 
hasenpfeffer||roasted green beans||mom's peach cobbler 
green coconut curry||kale||cinnamon brioche 
ciopinno||peas||saffron kheer 
green coconut curry||broccali||green chile chocolate tart 
haggis||potato au gratin||cherry ice cream 
hasenpfeffer||||cherry ice cream 
potato pie||brussels sprouts||cherry ice cream 
haggis||brussels sprouts|| 
haggis||brussels sprouts||melopita 
green coconut curry||brussels sprouts||mom's peach cobbler 
pesce con vivo||potato au gratin||creme brulee 
||peas||cinnamon brioche 
potato pie||Chef John 5-spice carrots||creme brulee 
haggis||cauliflower||green chile chocolate tart 
potato pie||peas||melopita 
haggis||||cinnamon brioche 
hasenpfeffer||brussels sprouts|| 
green coconut curry||brussels sprouts||mom's peach cobbler 
potato pie||cauliflower||cherry ice cream 
potato pie||brussels sprouts|| 
Miquel's Pizza||kale||cherry ice cream 
hasenpfeffer||roasted green beans||tavuk göğsü 
pesce con vivo||peas||mom's peach cobbler 
haggis||cauliflower||green chile chocolate tart 
||kale||tavuk göğsü 
hasenpfeffer||cauliflower||green chile chocolate tart 
falafel||kale||melopita 
falafel||||melopita 
falafel||||melopita 
haggis||potato au gratin||saffron kheer 
||roasted green beans||cinnamon brioche 
pesce con vivo||kale|| 
haggis||broccali||mom's peach cobbler 
pesce con vivo||potato au gratin||tavuk göğsü 
potato pie||cauliflower|| 
pesce con vivo||brussels sprouts||creme brulee 
haggis||cauliflower||tavuk göğsü 
green coconut curry||Chef John 5-spice carrots||cherry ice cream 
||potato au gratin||creme brulee 
green coconut curry||potato au gratin||mom's peach cobbler 
green coconut curry||potato au gratin||mom's peach cobbler 
haggis||||creme brulee 
Miquel's Pizza||roasted green beans||melopita 
pesce con vivo||cauliflower||cinnamon brioche 
Miquel's Pizza||roasted green beans||creme brulee 
Miquel's Pizza||kale||melopita 
green coconut curry||broccali|| 
ciopinno||||cherry ice cream 
Miquel's Pizza||Chef John 5-spice carrots||cinnamon brioche 
pesce con vivo||brussels sprouts||cherry ice cream 
ciopinno||potato au gratin||saffron kheer 
hasenpfeffer||brussels sprouts||cherry ice cream 
potato pie||peas||saffron kheer 
haggis||brussels sprouts||tavuk göğsü 
hasenpfeffer||Chef John 5-spice carrots||saffron kheer 
hasenpfeffer||||cinnamon brioche 
pesce con vivo||brussels sprouts||cinnamon brioche 
pesce con vivo||broccali||cinnamon brioche 
hasenpfeffer||||cherry ice cream 
hasenpfeffer||peas|| 
Miquel's Pizza||roasted green beans||cinnamon brioche 
ciopinno||kale||green chile chocolate tart 
Miquel's Pizza||Chef John 5-spice carrots||saffron kheer 
hasenpfeffer||Chef John 5-spice carrots||saffron kheer 
hasenpfeffer||kale||creme brulee 
potato pie||Chef John 5-spice carrots||mom's peach cobbler 
pesce con vivo||roasted green beans||tavuk göğsü 
haggis||kale|| 
ciopinno||||melopita 
||peas||cinnamon brioche 
green coconut curry||||melopita 
potato pie||cauliflower||tavuk göğsü 
green coconut curry||||green chile chocolate tart 
Miquel's Pizza||potato au gratin||tavuk göğsü 
pesce con vivo||cauliflower||saffron kheer 
falafel||brussels sprouts||mom's peach cobbler 
potato pie||brussels sprouts||creme brulee 
falafel||cauliflower||cinnamon brioche 
haggis||broccali||melopita 
potato pie||kale|| 
falafel||broccali||green chile chocolate tart 
||potato au gratin|| 
haggis||||mom's peach cobbler 
green coconut curry||Chef John 5-spice carrots||creme brulee 
haggis||brussels sprouts||cinnamon brioche 
green coconut curry||cauliflower||mom's peach cobbler 
hasenpfeffer||broccali||melopita 
falafel||roasted green beans||cherry ice cream 
haggis||||creme brulee 
||Chef John 5-spice carrots||creme brulee 
potato pie||roasted green beans||creme brulee 
haggis||roasted green beans||melopita 
falafel||potato au gratin||mom's peach cobbler 
hasenpfeffer||peas||creme brulee 
hasenpfeffer||cauliflower||saffron kheer 
Miquel's Pizza||potato au gratin||creme brulee 
green coconut curry||brussels sprouts||melopita 
falafel||roasted green beans||tavuk göğsü 
hasenpfeffer||peas|| 
haggis||roasted green beans||cherry ice cream 
pesce con vivo||brussels sprouts||green chile chocolate tart 
haggis||kale||tavuk göğsü 
falafel||brussels sprouts||cinnamon brioche 
green coconut curry||roasted green beans||green chile chocolate tart 
potato pie||Chef John 5-spice carrots|| 
||kale||cinnamon brioche 
green coconut curry||cauliflower||cinnamon brioche 
pesce con vivo||kale||cinnamon brioche 
Miquel's Pizza||kale||saffron kheer 
||potato au gratin||cinnamon brioche 
pesce con vivo||potato au gratin||tavuk göğsü 
hasenpfeffer||kale||creme brulee 
falafel||cauliflower||green chile chocolate tart 
hasenpfeffer||cauliflower||cinnamon brioche 
falafel||broccali||tavuk göğsü 
||potato au gratin||saffron kheer 
green coconut curry||potato au gratin||tavuk göğsü 
green coconut curry||roasted green beans||cinnamon brioche 
potato pie||broccali||creme brulee 
pesce con vivo||cauliflower|| 
ciopinno||||creme brulee 
green coconut curry||Chef John 5-spice carrots||creme brulee 
hasenpfeffer||roasted green beans||tavuk göğsü 
Miquel's Pizza||cauliflower|| 
falafel||cauliflower||creme brulee 
haggis||kale||saffron kheer 
||kale|| 
hasenpfeffer||potato au gratin|| 
hasenpfeffer||brussels sprouts||mom's peach cobbler 
green coconut curry||brussels sprouts||cherry ice cream 
ciopinno||||cinnamon brioche 
pesce con vivo||Chef John 5-spice carrots||mom's peach cobbler 
potato pie||Chef John 5-spice carrots||green chile chocolate tart 
falafel||roasted green beans||green chile chocolate tart 
potato pie||||cherry ice cream 
||peas||cinnamon brioche 
green coconut curry||broccali||mom's peach cobbler 
falafel||cauliflower||saffron kheer 
ciopinno||brussels sprouts|| 
potato pie||cauliflower||saffron kheer 
ciopinno||broccali||melopita 
||brussels sprouts||tavuk göğsü 
ciopinno||cauliflower||cinnamon brioche 
green coconut curry||broccali||cinnamon brioche 
green coconut curry||Chef John 5-spice carrots||mom's peach cobbler 
||cauliflower||melopita 
haggis||kale||green chile chocolate tart 
||peas||cherry ice cream 
||kale||creme brulee 
||peas||tavuk göğsü 
Miquel's Pizza||kale||mom's peach cobbler 
potato pie||potato au gratin||cherry ice cream 
haggis|||| 
haggis||peas||green chile chocolate tart 
hasenpfeffer||roasted green beans||melopita 
falafel||roasted green beans||cinnamon brioche 
ciopinno||roasted green beans||saffron kheer 
potato pie||Chef John 5-spice carrots||cherry ice cream 
Miquel's Pizza||roasted green beans||cinnamon brioche 
hasenpfeffer||kale||cherry ice cream 
ciopinno|||| 
haggis||roasted green beans||cherry ice cream 
pesce con vivo||kale||green chile chocolate tart 
haggis||brussels sprouts|| 
pesce con vivo||roasted green beans|| 
Miquel's Pizza||kale||cherry ice cream 
haggis||peas||melopita 
pesce con vivo||cauliflower||cinnamon brioche 
haggis|||| 
hasenpfeffer||broccali|| 
hasenpfeffer||cauliflower||melopita 
hasenpfeffer||Chef John 5-spice carrots||saffron kheer 
Miquel's Pizza||cauliflower||cherry ice cream 
potato pie||cauliflower||green chile chocolate tart 
||kale||saffron kheer 
ciopinno||broccali||saffron kheer 
haggis||broccali||melopita 
ciopinno||Chef John 5-spice carrots||green chile chocolate tart 
||peas||mom's peach cobbler 
green coconut curry||Chef John 5-spice carrots|| 
Miquel's Pizza||peas||cherry ice cream 
ciopinno||cauliflower|| 
Miquel's Pizza||roasted green beans|| 
haggis||peas||cinnamon brioche 
falafel||cauliflower||saffron kheer 
falafel||peas||saffron kheer 
Miquel's Pizza||||mom's peach cobbler 
pesce con vivo||||cherry ice cream 
pesce con vivo||roasted green beans||saffron kheer 
||brussels sprouts||creme brulee 
Miquel's Pizza||potato au gratin||mom's peach cobbler 
green coconut curry||||mom's peach cobbler 
pesce con vivo||brussels sprouts||cinnamon brioche 
Miquel's Pizza||||cinnamon brioche 
potato pie||||creme brulee 
ciopinno||Chef John 5-spice carrots||mom's peach cobbler 
pesce con vivo||||green chile chocolate tart 
Miquel's Pizza||roasted green beans||cherry ice cream 
haggis||peas||melopita 
potato pie||||cinnamon brioche 
falafel||peas||melopita 
green coconut curry||||cinnamon brioche 
haggis||brussels sprouts||tavuk göğsü 
falafel||roasted green beans||cherry ice cream 
Miquel's Pizza||cauliflower|| 
green coconut curry||Chef John 5-spice carrots||saffron kheer 
||||creme brulee 
hasenpfeffer||peas|| 
ciopinno||kale||melopita 
||kale||melopita 
pesce con vivo||Chef John 5-spice carrots||tavuk göğsü 
hasenpfeffer||cauliflower||cinnamon brioche 
pesce con vivo||peas||tavuk göğsü 
pesce con vivo||kale||creme brulee 
hasenpfeffer||brussels sprouts||saffron kheer 
||roasted green beans||mom's peach cobbler 
Miquel's Pizza||brussels sprouts||cherry ice cream 
||broccali||mom's peach cobbler 
ciopinno||peas||cherry ice cream 
pesce con vivo||broccali||saffron kheer 
falafel||cauliflower|| 
ciopinno||Chef John 5-spice carrots||cinnamon brioche 
green coconut curry||broccali||creme brulee 
hasenpfeffer||broccali||melopita 
green coconut curry||broccali||creme brulee 
potato pie||kale||cherry ice cream 
haggis||peas||cinnamon brioche 
||peas||melopita 
green coconut curry||broccali||cinnamon brioche 
ciopinno||broccali||creme brulee 
haggis||potato au gratin||cinnamon brioche 
hasenpfeffer||peas|| 
||cauliflower||melopita 
falafel||brussels sprouts||tavuk göğsü 
Miquel's Pizza||potato au gratin||green chile chocolate tart 
potato pie||broccali||green chile chocolate tart 
haggis||cauliflower||mom's peach cobbler 
ciopinno||peas||tavuk göğsü 
green coconut curry||kale||cherry ice cream 
green coconut curry||cauliflower||green chile chocolate tart 
green coconut curry||Chef John 5-spice carrots||cherry ice cream 
potato pie||Chef John 5-spice carrots||mom's peach cobbler 
Miquel's Pizza||potato au gratin||mom's peach cobbler 
Miquel's Pizza||||cherry ice cream 
pesce con vivo||cauliflower||tavuk göğsü 
green coconut curry||brussels sprouts||green chile chocolate tart 
pesce con vivo||||mom's peach cobbler 
||Chef John 5-spice carrots||melopita 
||potato au gratin||green chile chocolate tart 
Miquel's Pizza||kale||saffron kheer 
ciopinno||||cinnamon brioche 
haggis||||saffron kheer 
ciopinno||||green chile chocolate tart 
hasenpfeffer||Chef John 5-spice carrots||tavuk göğsü 
||cauliflower||cinnamon brioche 
potato pie||roasted green beans||saffron kheer 
||brussels sprouts||tavuk göğsü 
falafel||broccali||creme brulee 
||kale||mom's peach cobbler 
haggis||kale||cinnamon brioche 
pesce con vivo||brussels sprouts||creme brulee 
potato pie||Chef John 5-spice carrots|| 
||roasted green beans||cherry ice cream 
green coconut curry||roasted green beans||green chile chocolate tart 
hasenpfeffer||Chef John 5-spice carrots||cinnamon brioche 
ciopinno||Chef John 5-spice carrots||cherry ice cream 
ciopinno||roasted green beans|| 
haggis||cauliflower||cinnamon brioche 
green coconut curry||roasted green beans||green chile chocolate tart 
green coconut curry||Chef John 5-spice carrots||mom's peach cobbler 
haggis||broccali||creme brulee 
haggis||peas||green chile chocolate tart 
haggis|||| 
hasenpfeffer||||cherry ice cream 
||||creme brulee 
hasenpfeffer||broccali||cinnamon brioche 
falafel||Chef John 5-spice carrots||tavuk göğsü 
falafel||kale||tavuk göğsü 
ciopinno||cauliflower||saffron kheer 
ciopinno||cauliflower||cherry ice cream 
potato pie||roasted green beans|| 
haggis||roasted green beans||cherry ice cream 
ciopinno||Chef John 5-spice carrots||cherry ice cream 
green coconut curry||peas||melopita 
||potato au gratin||saffron kheer 
ciopinno||||tavuk göğsü 
Miquel's Pizza||peas||mom's peach cobbler 
hasenpfeffer||broccali||cinnamon brioche 
haggis||cauliflower||cinnamon brioche 
hasenpfeffer||broccali||melopita 
green coconut curry||kale||cinnamon brioche 
ciopinno||roasted green beans||melopita 
||peas||mom's peach cobbler 
falafel||potato au gratin|| 
haggis||roasted green beans||mom's peach cobbler 
green coconut curry||cauliflower||tavuk göğsü 
ciopinno||roasted green beans||tavuk göğsü 
hasenpfeffer||kale||cherry ice cream 
pesce con vivo||Chef John 5-spice carrots||saffron kheer 
Miquel's Pizza||potato au gratin||tavuk göğsü 
ciopinno||roasted green beans||cherry ice cream 
green coconut curry||Chef John 5-spice carrots|| 
falafel||cauliflower||creme brulee 
pesce con vivo||kale||cherry ice cream 
hasenpfeffer||Chef John 5-spice carrots||melopita 
falafel||roasted green beans||cinnamon brioche 
||broccali||cherry ice cream 
green coconut curry||brussels sprouts||creme brulee 
||brussels sprouts||cinnamon brioche 
pesce con vivo||potato au gratin||melopita 
pesce con vivo||cauliflower||melopita 
pesce con vivo||peas||mom's peach cobbler 
Miquel's Pizza||roasted green beans||creme brulee 
potato pie||peas||creme brulee 
haggis||potato au gratin||mom's peach cobbler 
Miquel's Pizza||cauliflower||creme brulee 
ciopinno||peas|| 
hasenpfeffer||cauliflower||cinnamon brioche 
haggis||||tavuk göğsü 
Miquel's Pizza||peas||creme brulee 
||cauliflower||cinnamon brioche 
falafel||brussels sprouts||green chile chocolate tart 
||roasted green beans||cherry ice cream 
ciopinno||roasted green beans||cherry ice cream 
||potato au gratin||cinnamon brioche 
haggis||Chef John 5-spice carrots||creme brulee 
potato pie||cauliflower||creme brulee 
pesce con vivo||cauliflower||cinnamon brioche 
Miquel's Pizza||brussels sprouts||cinnamon brioche 
potato pie||peas||cherry ice cream 
haggis||kale||cherry ice cream 
pesce con vivo||cauliflower||saffron kheer 
ciopinno||roasted green beans||tavuk göğsü 
Miquel's Pizza||potato au gratin||mom's peach cobbler 
hasenpfeffer||brussels sprouts||creme brulee 
falafel||cauliflower||tavuk göğsü 
ciopinno||cauliflower||saffron kheer 
potato pie||Chef John 5-spice carrots||mom's peach cobbler 
potato pie||roasted green beans||green chile chocolate tart 
potato pie||roasted green beans||tavuk göğsü 
Miquel's Pizza||cauliflower||mom's peach cobbler 
haggis||roasted green beans||melopita 
haggis||cauliflower||saffron kheer 
Miquel's Pizza||broccali||cinnamon brioche 
||broccali||green chile chocolate tart 
potato pie||peas||green chile chocolate tart 
pesce con vivo||cauliflower||mom's peach cobbler 
pesce con vivo||kale||cinnamon brioche 
haggis||brussels sprouts||cinnamon brioche 
falafel||Chef John 5-spice carrots||melopita 
green coconut curry||peas||cherry ice cream 
haggis||Chef John 5-spice carrots||green chile chocolate tart 
potato pie||broccali||mom's peach cobbler 
green coconut curry||Chef John 5-spice carrots||creme brulee 
ciopinno||cauliflower||tavuk göğsü 
potato pie||Chef John 5-spice carrots||creme brulee 
potato pie||||creme brulee 
falafel||cauliflower||cherry ice cream 
ciopinno||peas||tavuk göğsü 
||potato au gratin|| 
||roasted green beans||creme brulee 
haggis||kale||melopita 
pesce con vivo||potato au gratin||mom's peach cobbler 
haggis||Chef John 5-spice carrots||green chile chocolate tart 
ciopinno||broccali||creme brulee 
haggis||potato au gratin||saffron kheer 
haggis||peas||melopita 
||kale||mom's peach cobbler 
falafel||potato au gratin||saffron kheer 
Miquel's Pizza||cauliflower|| 
haggis||broccali|| 
green coconut curry||peas|| 
||cauliflower||melopita 
green coconut curry||cauliflower||cherry ice cream 
pesce con vivo||roasted green beans||tavuk göğsü 
Miquel's Pizza||kale||cinnamon brioche 
pesce con vivo||Chef John 5-spice carrots|| 
Miquel's Pizza||brussels sprouts||cherry ice cream 
pesce con vivo||potato au gratin||cinnamon brioche 
haggis||broccali||mom's peach cobbler 
||potato au gratin||melopita 
potato pie||peas|| 
potato pie||cauliflower|| 
Miquel's Pizza||cauliflower||creme brulee 
green coconut curry||brussels sprouts||tavuk göğsü 
hasenpfeffer||Chef John 5-spice carrots||saffron kheer 
pesce con vivo||||cherry ice cream 
falafel||peas||green chile chocolate tart 
potato pie||kale||melopita 
Miquel's Pizza||peas||mom's peach cobbler 
haggis||Chef John 5-spice carrots|| 
ciopinno||Chef John 5-spice carrots||cinnamon brioche 
haggis||kale||melopita 
ciopinno||roasted green beans||cherry ice cream 
falafel||peas||cherry ice cream 
haggis||peas||melopita 
pesce con vivo||brussels sprouts|| 
hasenpfeffer||brussels sprouts||cherry ice cream 
haggis||potato au gratin||cinnamon brioche 
ciopinno||broccali||cinnamon brioche 
pesce con vivo||broccali||cherry ice cream 
falafel||brussels sprouts|| 
hasenpfeffer||brussels sprouts||tavuk göğsü 
potato pie||broccali||green chile chocolate tart 
ciopinno||peas||saffron kheer 
green coconut curry||||cherry ice cream 
||||melopita 
pesce con vivo||broccali||green chile chocolate tart 
haggis||roasted green beans||cherry ice cream 
potato pie||roasted green beans||mom's peach cobbler 
haggis||Chef John 5-spice carrots||green chile chocolate tart 
Miquel's Pizza||potato au gratin||mom's peach cobbler 
falafel||broccali||green chile chocolate tart 
||||melopita 
potato pie||roasted green beans||saffron kheer 
pesce con vivo||peas||cherry ice cream 
potato pie||potato au gratin||creme brulee 
haggis||brussels sprouts||cherry ice cream 
ciopinno||roasted green beans||cherry ice cream 
||roasted green beans||creme brulee 
pesce con vivo||kale||cherry ice cream 
haggis||roasted green beans||mom's peach cobbler 
potato pie||broccali||mom's peach cobbler 
green coconut curry||Chef John 5-spice carrots||cherry ice cream 
falafel||brussels sprouts||tavuk göğsü 
falafel||peas||melopita 
falafel||kale||melopita 
green coconut curry||brussels sprouts||green chile chocolate tart 
hasenpfeffer||potato au gratin||cinnamon brioche 
haggis||broccali||green chile chocolate tart 
ciopinno||peas||green chile chocolate tart 
green coconut curry||roasted green beans||creme brulee 
Miquel's Pizza||cauliflower||cherry ice cream 
green coconut curry||broccali||creme brulee 
potato pie||peas|| 
Miquel's Pizza||||melopita 
||broccali||cinnamon brioche 
||roasted green beans||melopita 
falafel||roasted green beans||tavuk göğsü 
hasenpfeffer||Chef John 5-spice carrots||green chile chocolate tart 
green coconut curry||roasted green beans||cherry ice cream 
green coconut curry||potato au gratin||cinnamon brioche 
green coconut curry||||mom's peach cobbler 
falafel||broccali||tavuk göğsü 
green coconut curry||roasted green beans||creme brulee 
||potato au gratin||creme brulee 
hasenpfeffer||peas||mom's peach cobbler 
falafel||cauliflower||melopita 
ciopinno||Chef John 5-spice carrots||green chile chocolate tart 
haggis||||saffron kheer 
||Chef John 5-spice carrots||mom's peach cobbler 
Miquel's Pizza||||cinnamon brioche 
green coconut curry||kale|| 
hasenpfeffer||||saffron kheer 
haggis||broccali||saffron kheer 
haggis||Chef John 5-spice carrots||saffron kheer 
green coconut curry||cauliflower||saffron kheer 
potato pie||peas||cherry ice cream 
haggis||peas||cherry ice cream 
ciopinno||broccali|| 
green coconut curry||peas||cherry ice cream 
Miquel's Pizza||roasted green beans||cinnamon brioche 
falafel||potato au gratin|| 
pesce con vivo||broccali||melopita 
hasenpfeffer||broccali||cinnamon brioche 
ciopinno||potato au gratin||melopita 
pesce con vivo||cauliflower||tavuk göğsü 
potato pie||||creme brulee 
hasenpfeffer||brussels sprouts|| 
||broccali||tavuk göğsü 
hasenpfeffer||kale||green chile chocolate tart 
potato pie||cauliflower||cherry ice cream 
Miquel's Pizza||||melopita 
potato pie||kale||tavuk göğsü 
||cauliflower||tavuk göğsü 
potato pie||kale||cherry ice cream 
green coconut curry||potato au gratin||saffron kheer 
green coconut curry||cauliflower||cinnamon brioche 
pesce con vivo||kale||green chile chocolate tart 
hasenpfeffer||brussels sprouts||saffron kheer 
green coconut curry||kale||mom's peach cobbler 
pesce con vivo||||cinnamon brioche 
ciopinno||brussels sprouts||creme brulee 
||peas||saffron kheer 
Miquel's Pizza||||cinnamon brioche 
Miquel's Pizza||potato au gratin||green chile chocolate tart 
falafel||kale||tavuk göğsü 
potato pie||roasted green beans||cherry ice cream 
potato pie||Chef John 5-spice carrots||cinnamon brioche 
hasenpfeffer||broccali|| 
Miquel's Pizza||brussels sprouts||melopita 
haggis||brussels sprouts|| 
potato pie||potato au gratin||tavuk göğsü 
||brussels sprouts||cherry ice cream 
hasenpfeffer||Chef John 5-spice carrots||cinnamon brioche 
haggis||broccali||mom's peach cobbler 
pesce con vivo||broccali||creme brulee 
Miquel's Pizza||||creme brulee 
pesce con vivo||roasted green beans||cinnamon brioche 
pesce con vivo||kale||tavuk göğsü 
hasenpfeffer||Chef John 5-spice carrots||saffron kheer 
||broccali|| 
ciopinno||potato au gratin||green chile chocolate tart 
hasenpfeffer||brussels sprouts||tavuk göğsü 
green coconut curry||peas|| 
hasenpfeffer||broccali||saffron kheer 
hasenpfeffer||roasted green beans||green chile chocolate tart 
pesce con vivo||peas||tavuk göğsü 
||cauliflower||cinnamon brioche 
hasenpfeffer||peas||tavuk göğsü 
||peas||tavuk göğsü 
||roasted green beans||creme brulee 
ciopinno||potato au gratin||green chile chocolate tart 
ciopinno||potato au gratin||saffron kheer 
||kale||melopita 
Miquel's Pizza||peas||green chile chocolate tart 
pesce con vivo||Chef John 5-spice carrots||green chile chocolate tart 
pesce con vivo||cauliflower||cherry ice cream 
falafel||potato au gratin||cinnamon brioche 
ciopinno||peas|| 
ciopinno||potato au gratin||creme brulee 
ciopinno||||melopita 
||broccali||cinnamon brioche 
pesce con vivo||kale||green chile chocolate tart 
green coconut curry||Chef John 5-spice carrots||tavuk göğsü 
potato pie||roasted green beans||green chile chocolate tart 
haggis||brussels sprouts||tavuk göğsü 
hasenpfeffer||roasted green beans||melopita 
pesce con vivo||kale||tavuk göğsü 
falafel||cauliflower||tavuk göğsü 
green coconut curry||kale||melopita 
green coconut curry||roasted green beans||saffron kheer 
hasenpfeffer||brussels sprouts||cinnamon brioche 
haggis||peas||cherry ice cream 
hasenpfeffer||potato au gratin||mom's peach cobbler 
haggis||kale|| 
potato pie||cauliflower||cinnamon brioche 
pesce con vivo||potato au gratin||cherry ice cream 
potato pie||potato au gratin||melopita 
green coconut curry||potato au gratin||green chile chocolate tart 
ciopinno||brussels sprouts||tavuk göğsü 
||roasted green beans||cherry ice cream 
falafel||Chef John 5-spice carrots||creme brulee 
hasenpfeffer||||cinnamon brioche 
haggis||broccali||saffron kheer 
haggis||peas||green chile chocolate tart 
haggis||peas||saffron kheer 
ciopinno||potato au gratin||green chile chocolate tart 
potato pie||peas||creme brulee 
hasenpfeffer||cauliflower||green chile chocolate tart 
Miquel's Pizza||broccali||green chile chocolate tart 
Miquel's Pizza||peas||melopita 
falafel||cauliflower|| 
potato pie||peas||tavuk göğsü 
haggis||roasted green beans||cherry ice cream 
ciopinno||peas||creme brulee 
potato pie||cauliflower||tavuk göğsü 
falafel||potato au gratin||creme brulee 
green coconut curry||||tavuk göğsü 
haggis||cauliflower||cinnamon brioche 
pesce con vivo||Chef John 5-spice carrots||cinnamon brioche 
ciopinno||kale|| 
pesce con vivo||cauliflower||creme brulee 
||roasted green beans||cinnamon brioche 
falafel||peas||saffron kheer 
Miquel's Pizza||broccali||mom's peach cobbler 
green coconut curry||Chef John 5-spice carrots||mom's peach cobbler 
hasenpfeffer||cauliflower|| 
falafel||peas|| 
||roasted green beans||melopita 
potato pie||||mom's peach cobbler 
ciopinno||roasted green beans||creme brulee 
Miquel's Pizza||kale||melopita 
ciopinno||Chef John 5-spice carrots||green chile chocolate tart 
||brussels sprouts||mom's peach cobbler 
falafel||broccali||tavuk göğsü 
falafel||kale||saffron kheer 
pesce con vivo||brussels sprouts||tavuk göğsü 
falafel||||melopita 
falafel||potato au gratin||tavuk göğsü 
green coconut curry||peas||mom's peach cobbler 
green coconut curry||peas||saffron kheer 
haggis||brussels sprouts||creme brulee 
pesce con vivo||cauliflower||creme brulee 
falafel||brussels sprouts|| 
||peas||cinnamon brioche 
ciopinno||Chef John 5-spice carrots|| 
hasenpfeffer||broccali||creme brulee 
pesce con vivo||brussels sprouts||mom's peach cobbler 
||peas||creme brulee 
falafel||potato au gratin||cinnamon brioche 
ciopinno||Chef John 5-spice carrots||saffron kheer 
hasenpfeffer||potato au gratin||melopita 
Miquel's Pizza||||saffron kheer 
potato pie||cauliflower||melopita 
haggis||Chef John 5-spice carrots||mom's peach cobbler 
potato pie||brussels sprouts||cherry ice cream 
||brussels sprouts|| 
ciopinno||roasted green beans||mom's peach cobbler 
falafel||cauliflower||saffron kheer 
haggis||potato au gratin||creme brulee 
ciopinno||cauliflower||cinnamon brioche 
green coconut curry||kale||mom's peach cobbler 
pesce con vivo||cauliflower||cinnamon brioche 
hasenpfeffer||roasted green beans||cherry ice cream 
pesce con vivo||kale||cherry ice cream 
haggis||peas||creme brulee 
hasenpfeffer||||tavuk göğsü 
hasenpfeffer||cauliflower||tavuk göğsü 
green coconut curry||Chef John 5-spice carrots||cherry ice cream 
falafel||kale||cinnamon brioche 
hasenpfeffer||brussels sprouts||melopita 
pesce con vivo||roasted green beans||cherry ice cream 
pesce con vivo||roasted green beans|| 
pesce con vivo||cauliflower|| 
pesce con vivo||cauliflower||creme brulee 
haggis||||cherry ice cream 
||broccali||cinnamon brioche 
falafel||potato au gratin||cherry ice cream 
green coconut curry||broccali||tavuk göğsü 
falafel||||cinnamon brioche 
Miquel's Pizza||cauliflower||mom's peach cobbler 
green coconut curry||kale||cherry ice cream 
haggis||cauliflower||creme brulee 
||cauliflower||melopita 
||cauliflower||creme brulee 
pesce con vivo||||saffron kheer 
green coconut curry||broccali||creme brulee 
green coconut curry||potato au gratin||cherry ice cream 
pesce con vivo||Chef John 5-spice carrots||cinnamon brioche 
hasenpfeffer||broccali|| 
haggis||broccali||tavuk göğsü 
potato pie||||cherry ice cream 
||||cinnamon brioche 
pesce con vivo||kale||cinnamon brioche 
haggis||potato au gratin|| 
haggis||||melopita 
Miquel's Pizza||kale||cinnamon brioche 
pesce con vivo||cauliflower|| 
pesce con vivo||roasted green beans||creme brulee 
ciopinno||peas||saffron kheer 
falafel||||cinnamon brioche 
green coconut curry||cauliflower||cherry ice cream 
pesce con vivo||cauliflower||green chile chocolate tart 
ciopinno||cauliflower||cherry ice cream 
haggis||kale||green chile chocolate tart 
haggis||||cinnamon brioche 
hasenpfeffer||brussels sprouts||melopita 
pesce con vivo||broccali||saffron kheer 
pesce con vivo||peas||green chile chocolate tart 
||kale||melopita 
falafel||broccali||creme brulee 
ciopinno||peas||cinnamon brioche 
ciopinno||broccali||cinnamon brioche 
haggis|||| 
falafel||roasted green beans||tavuk göğsü 
pesce con vivo||peas||mom's peach cobbler 
potato pie||Chef John 5-spice carrots||cherry ice cream 
haggis||peas||melopita 
haggis||Chef John 5-spice carrots|| 
hasenpfeffer||broccali||mom's peach cobbler 
hasenpfeffer||Chef John 5-spice carrots||tavuk göğsü 
||Chef John 5-spice carrots||saffron kheer 
falafel||potato au gratin||creme brulee 
potato pie||Chef John 5-spice carrots||tavuk göğsü 
pesce con vivo||peas||cherry ice cream 
haggis||potato au gratin||cherry ice cream 
green coconut curry||cauliflower||cinnamon brioche 
pesce con vivo||||cherry ice cream 
ciopinno||||creme brulee 
haggis||roasted green beans||mom's peach cobbler 
||brussels sprouts||cinnamon brioche 
hasenpfeffer||roasted green beans||creme brulee 
||broccali||tavuk göğsü 
hasenpfeffer||Chef John 5-spice carrots|| 
Miquel's Pizza||potato au gratin||cinnamon brioche 
||cauliflower||cinnamon brioche 
falafel||cauliflower||melopita 
ciopinno||potato au gratin||creme brulee 
hasenpfeffer||peas|| 
Miquel's Pizza||peas||mom's peach cobbler 
ciopinno||Chef John 5-spice carrots|| 
haggis||||mom's peach cobbler 
falafel||kale|| 
||kale||cherry ice cream 
Miquel's Pizza||potato au gratin|| 
potato pie||roasted green beans||cherry ice cream 
falafel||||tavuk göğsü 
ciopinno||peas||saffron kheer 
hasenpfeffer||brussels sprouts||mom's peach cobbler 
Miquel's Pizza||kale||melopita 
ciopinno||||cherry ice cream 
pesce con vivo||broccali||melopita 
Miquel's Pizza||kale||mom's peach cobbler 
green coconut curry||peas||green chile chocolate tart 
potato pie||roasted green beans||saffron kheer 
ciopinno||potato au gratin||green chile chocolate tart 
haggis||||creme brulee 
pesce con vivo||potato au gratin||mom's peach cobbler 
hasenpfeffer||Chef John 5-spice carrots||melopita 
Miquel's Pizza||brussels sprouts||cherry ice cream 
ciopinno||cauliflower||tavuk göğsü 
hasenpfeffer||||tavuk göğsü 
potato pie||potato au gratin||green chile chocolate tart 
ciopinno||cauliflower||cinnamon brioche 
haggis||potato au gratin|| 
pesce con vivo|||| 
hasenpfeffer||roasted green beans||creme brulee 
pesce con vivo||potato au gratin||mom's peach cobbler 
haggis||Chef John 5-spice carrots||creme brulee 
green coconut curry||peas||melopita 
haggis||peas||cherry ice cream 
haggis||brussels sprouts||tavuk göğsü 
pesce con vivo||potato au gratin||green chile chocolate tart 
pesce con vivo||||creme brulee 
potato pie||roasted green beans||green chile chocolate tart 
green coconut curry||kale||cinnamon brioche 
haggis||peas||creme brulee 
Miquel's Pizza||brussels sprouts|| 
green coconut curry||kale||cherry ice cream 
hasenpfeffer||roasted green beans||tavuk göğsü 
ciopinno||roasted green beans||cherry ice cream 
ciopinno||peas||green chile chocolate tart 
falafel||peas||saffron kheer 
falafel||brussels sprouts||green chile chocolate tart 
haggis||||creme brulee 
hasenpfeffer||kale||mom's peach cobbler 
ciopinno||kale||green chile chocolate tart 
ciopinno||roasted green beans||creme brulee 
ciopinno||cauliflower||melopita 
green coconut curry||kale||creme brulee 
Miquel's Pizza||cauliflower||green chile chocolate tart 
green coconut curry||cauliflower||cinnamon brioche 
ciopinno||cauliflower||mom's peach cobbler 
hasenpfeffer||cauliflower||mom's peach cobbler 
hasenpfeffer||broccali|| 
Miquel's Pizza||potato au gratin||melopita 
ciopinno||brussels sprouts||creme brulee 
falafel||peas||cinnamon brioche 
ciopinno||brussels sprouts||melopita 
Miquel's Pizza||brussels sprouts||melopita 
falafel||kale||mom's peach cobbler 
falafel||roasted green beans||cinnamon brioche 
ciopinno||brussels sprouts||saffron kheer 
Miquel's Pizza||broccali||cherry ice cream 
potato pie||brussels sprouts||melopita 
ciopinno||kale||cinnamon brioche 
ciopinno||||tavuk göğsü 
ciopinno||Chef John 5-spice carrots||mom's peach cobbler 
pesce con vivo||cauliflower||melopita 
haggis||potato au gratin||saffron kheer 
ciopinno||potato au gratin|| 
||brussels sprouts||cherry ice cream 
haggis||broccali||saffron kheer 
falafel||kale||mom's peach cobbler 
ciopinno|||| 
potato pie||broccali||melopita 
haggis||peas||tavuk göğsü 
ciopinno||Chef John 5-spice carrots||melopita 
Miquel's Pizza||cauliflower||green chile chocolate tart 
Miquel's Pizza||kale||melopita 
falafel||peas||creme brulee 
haggis||kale||cinnamon brioche 
potato pie||brussels sprouts||tavuk göğsü 
||peas||saffron kheer 
potato pie||kale||tavuk göğsü 
potato pie||kale||saffron kheer 
haggis||Chef John 5-spice carrots||cherry ice cream 
hasenpfeffer||cauliflower||saffron kheer 
hasenpfeffer||peas||cinnamon brioche 
Miquel's Pizza||potato au gratin||melopita 
Miquel's Pizza||Chef John 5-spice carrots||saffron kheer 
green coconut curry||roasted green beans|| 
hasenpfeffer||brussels sprouts||cinnamon brioche 
hasenpfeffer||cauliflower||green chile chocolate tart 
pesce con vivo||roasted green beans||melopita 
potato pie||broccali||cinnamon brioche 
hasenpfeffer||broccali||mom's peach cobbler 
haggis||brussels sprouts|| 
potato pie||peas||cinnamon brioche 
||Chef John 5-spice carrots||mom's peach cobbler 
green coconut curry||||saffron kheer 
ciopinno||||cherry ice cream 
falafel||roasted green beans|| 
ciopinno||roasted green beans||cherry ice cream 
potato pie||kale||creme brulee 
pesce con vivo||cauliflower||cherry ice cream 
pesce con vivo||peas||cherry ice cream 
potato pie||kale||saffron kheer 
||kale||saffron kheer 
ciopinno||kale||mom's peach cobbler 
falafel||broccali|| 
pesce con vivo||peas||tavuk göğsü 
hasenpfeffer||cauliflower||cinnamon brioche 
Miquel's Pizza||brussels sprouts||tavuk göğsü 
potato pie||roasted green beans||green chile chocolate tart 
haggis||kale||tavuk göğsü 
haggis||kale||tavuk göğsü 
ciopinno||Chef John 5-spice carrots||green chile chocolate tart 
falafel||Chef John 5-spice carrots||tavuk göğsü 
haggis||roasted green beans||tavuk göğsü 
||roasted green beans|| 
hasenpfeffer||roasted green beans||saffron kheer 
haggis||kale||saffron kheer 
||brussels sprouts||cinnamon brioche 
haggis||brussels sprouts||tavuk göğsü 
falafel||kale||tavuk göğsü 
||roasted green beans||tavuk göğsü 
falafel||||saffron kheer 
haggis||brussels sprouts||melopita 
haggis||broccali||tavuk göğsü 
falafel||peas||mom's peach cobbler 
hasenpfeffer||potato au gratin||mom's peach cobbler 
pesce con vivo||brussels sprouts||tavuk göğsü 
green coconut curry||peas||creme brulee 
ciopinno||broccali||creme brulee 
potato pie||brussels sprouts||mom's peach cobbler 
Miquel's Pizza||peas||saffron kheer 
green coconut curry||broccali||melopita 
ciopinno||||cherry ice cream 
ciopinno||roasted green beans||saffron kheer 
haggis||brussels sprouts||cherry ice cream 
hasenpfeffer||kale||melopita 
Miquel's Pizza||Chef John 5-spice carrots||tavuk göğsü 
ciopinno||roasted green beans||saffron kheer 
potato pie||Chef John 5-spice carrots||cinnamon brioche 
Miquel's Pizza||roasted green beans||saffron kheer 
haggis||brussels sprouts||mom's peach cobbler 
||||cherry ice cream 
ciopinno||||cherry ice cream 
green coconut curry||Chef John 5-spice carrots||mom's peach cobbler 
hasenpfeffer||||creme brulee 
falafel||potato au gratin||creme brulee 
hasenpfeffer||potato au gratin||cherry ice cream 
||kale||creme brulee 
pesce con vivo||kale||creme brulee 
pesce con vivo||brussels sprouts||cherry ice cream 
falafel||potato au gratin||creme brulee 
Miquel's Pizza||||mom's peach cobbler 
potato pie||Chef John 5-spice carrots|| 
potato pie||roasted green beans|| 
pesce con vivo||||creme brulee 
||peas||melopita 
falafel||peas||cinnamon brioche 
potato pie||Chef John 5-spice carrots||cinnamon brioche 
green coconut curry||cauliflower||green chile chocolate tart 
potato pie||Chef John 5-spice carrots||creme brulee 
falafel||broccali||green chile chocolate tart 
pesce con vivo||roasted green beans|| 
falafel||cauliflower|| 
potato pie||broccali||tavuk göğsü 
haggis||broccali||cinnamon brioche 
||potato au gratin||saffron kheer 
hasenpfeffer||kale||green chile chocolate tart 
||potato au gratin||green chile chocolate tart 
haggis||Chef John 5-spice carrots||cherry ice cream 
falafel|||| 
hasenpfeffer||Chef John 5-spice carrots||melopita 
ciopinno||peas||cherry ice cream 
pesce con vivo||||tavuk göğsü 
pesce con vivo||||green chile chocolate tart 
||brussels sprouts||creme brulee 
haggis||potato au gratin||creme brulee 
||cauliflower||green chile chocolate tart 
||broccali||saffron kheer 
||roasted green beans|| 
green coconut curry||||melopita 
potato pie||broccali||green chile chocolate tart 
haggis|||| 
Miquel's Pizza||roasted green beans||mom's peach cobbler 
green coconut curry||peas||cherry ice cream 
||broccali||green chile chocolate tart 
potato pie||Chef John 5-spice carrots||melopita 
falafel||brussels sprouts||mom's peach cobbler 
falafel||kale||green chile chocolate tart 
Miquel's Pizza||brussels sprouts|| 
pesce con vivo||brussels sprouts||tavuk göğsü 
Miquel's Pizza||peas|| 
Miquel's Pizza||potato au gratin||cinnamon brioche 
ciopinno||kale||tavuk göğsü 
hasenpfeffer||roasted green beans||melopita 
green coconut curry||||tavuk göğsü 
ciopinno||||cinnamon brioche 
potato pie||peas||cherry ice cream 
Miquel's Pizza||potato au gratin|| 
falafel||kale||tavuk göğsü 
||Chef John 5-spice carrots||cinnamon brioche 
Miquel's Pizza||brussels sprouts||saffron kheer 
Miquel's Pizza||peas||tavuk göğsü 
Miquel's Pizza||roasted green beans||saffron kheer 
|||| 
hasenpfeffer||cauliflower||creme brulee 
Miquel's Pizza||brussels sprouts||tavuk göğsü 
pesce con vivo||cauliflower||melopita 
potato pie||potato au gratin||green chile chocolate tart 
potato pie||kale||saffron kheer 
Miquel's Pizza||potato au gratin||melopita 
pesce con vivo||brussels sprouts||saffron kheer 
Miquel's Pizza||Chef John 5-spice carrots||saffron kheer 
haggis||kale||saffron kheer 
hasenpfeffer||||cinnamon brioche 
Miquel's Pizza||Chef John 5-spice carrots||tavuk göğsü 
Miquel's Pizza||broccali||saffron kheer 
ciopinno||broccali||green chile chocolate tart 
pesce con vivo||||saffron kheer 
pesce con vivo||peas||creme brulee 
pesce con vivo||cauliflower||mom's peach cobbler 
Miquel's Pizza||peas||creme brulee 
ciopinno||||saffron kheer 
Miquel's Pizza||broccali||creme brulee 
hasenpfeffer||potato au gratin||saffron kheer 
ciopinno||||melopita 
ciopinno||broccali||green chile chocolate tart 
falafel||broccali||melopita 
pesce con vivo||brussels sprouts||creme brulee 
potato pie||potato au gratin||saffron kheer 
pesce con vivo||kale||melopita 
pesce con vivo||kale||creme brulee 
||potato au gratin||melopita 
falafel||potato au gratin||cherry ice cream 
Miquel's Pizza||Chef John 5-spice carrots||creme brulee 
haggis||potato au gratin||creme brulee 
falafel||roasted green beans||green chile chocolate tart 
hasenpfeffer||peas||cherry ice cream 
pesce con vivo||Chef John 5-spice carrots|| 
haggis||peas|| 
potato pie||cauliflower||green chile chocolate tart 
potato pie||||green chile chocolate tart 
pesce con vivo||broccali||saffron kheer 
green coconut curry||peas||melopita 
haggis||brussels sprouts||green chile chocolate tart 
||Chef John 5-spice carrots||cinnamon brioche 
green coconut curry||cauliflower||green chile chocolate tart 
ciopinno||kale||tavuk göğsü 
ciopinno||Chef John 5-spice carrots|| 
potato pie||Chef John 5-spice carrots||tavuk göğsü 
potato pie||kale||tavuk göğsü 
||roasted green beans||cinnamon brioche 
potato pie||cauliflower||green chile chocolate tart 
hasenpfeffer||brussels sprouts||tavuk göğsü 
potato pie||||creme brulee 
green coconut curry||peas||saffron kheer 
Miquel's Pizza||potato au gratin||cherry ice cream 
hasenpfeffer||kale|| 
pesce con vivo||broccali||creme brulee 
hasenpfeffer|||| 
||||tavuk göğsü 
pesce con vivo|||| 
||cauliflower||cinnamon brioche 
falafel||Chef John 5-spice carrots||mom's peach cobbler 
ciopinno||roasted green beans||green chile chocolate tart 
haggis||roasted green beans||cinnamon brioche 
falafel||Chef John 5-spice carrots||cinnamon brioche 
hasenpfeffer||Chef John 5-spice carrots|| 
||||cherry ice cream 
potato pie||potato au gratin||green chile chocolate tart 
Miquel's Pizza||brussels sprouts||melopita 
potato pie||kale||cherry ice cream 
Miquel's Pizza||roasted green beans||mom's peach cobbler 
green coconut curry||peas|| 
potato pie||roasted green beans|| 
potato pie||brussels sprouts||cinnamon brioche 
hasenpfeffer||kale||tavuk göğsü 
Miquel's Pizza||brussels sprouts||mom's peach cobbler 
haggis||brussels sprouts||cinnamon brioche 
potato pie||brussels sprouts||creme brulee 
green coconut curry||||cherry ice cream 
Miquel's Pizza||kale||cherry ice cream 
pesce con vivo||Chef John 5-spice carrots||mom's peach cobbler 
potato pie||broccali|| 
potato pie||peas||green chile chocolate tart 
potato pie||broccali|| 
ciopinno||kale||mom's peach cobbler 
hasenpfeffer||kale||tavuk göğsü 
hasenpfeffer|||| 
||potato au gratin||creme brulee 
haggis||cauliflower||cinnamon brioche 
Miquel's Pizza||cauliflower||creme brulee 
pesce con vivo||roasted green beans||melopita 
ciopinno||Chef John 5-spice carrots||green chile chocolate tart 
hasenpfeffer||Chef John 5-spice carrots||cherry ice cream 
ciopinno||||saffron kheer 
green coconut curry|||| 
||kale||creme brulee 
falafel||peas||green chile chocolate tart 
ciopinno||brussels sprouts||green chile chocolate tart 
green coconut curry||potato au gratin||cinnamon brioche 
||broccali||mom's peach cobbler 
green coconut curry||kale||mom's peach cobbler 
Miquel's Pizza||peas||creme brulee 
hasenpfeffer||roasted green beans||tavuk göğsü 
haggis||brussels sprouts||mom's peach cobbler 
falafel||roasted green beans||creme brulee 
haggis||brussels sprouts||saffron kheer 
falafel||roasted green beans||mom's peach cobbler 
falafel||peas||creme brulee 
pesce con vivo||cauliflower||saffron kheer 
pesce con vivo||peas||mom's peach cobbler 
||potato au gratin||tavuk göğsü 
falafel||kale||cherry ice cream 
pesce con vivo||brussels sprouts|| 
ciopinno||roasted green beans||melopita 
pesce con vivo||kale|| 
hasenpfeffer||potato au gratin||melopita 
ciopinno||roasted green beans|| 
potato pie||potato au gratin||cinnamon brioche 
potato pie||||cinnamon brioche 
falafel||peas||cherry ice cream 
haggis||Chef John 5-spice carrots||cinnamon brioche 
green coconut curry||cauliflower||creme brulee 
hasenpfeffer||Chef John 5-spice carrots||cinnamon brioche 
Miquel's Pizza|||| 
falafel||potato au gratin||melopita 
falafel||peas||cinnamon brioche 
||peas||mom's peach cobbler 
ciopinno||cauliflower||tavuk göğsü 
Miquel's Pizza||broccali||saffron kheer 
haggis||||tavuk göğsü 
ciopinno||cauliflower||cinnamon brioche 
pesce con vivo||roasted green beans||melopita 
ciopinno||broccali||tavuk göğsü 
||broccali||creme brulee 
haggis||Chef John 5-spice carrots||cinnamon brioche 
||peas||green chile chocolate tart 
falafel||Chef John 5-spice carrots||tavuk göğsü 
Miquel's Pizza||Chef John 5-spice carrots||green chile chocolate tart 
Miquel's Pizza||||cherry ice cream 
pesce con vivo||Chef John 5-spice carrots||green chile chocolate tart 
Miquel's Pizza||roasted green beans||tavuk göğsü 
pesce con vivo||cauliflower||cherry ice cream 
potato pie||potato au gratin||creme brulee 
falafel||brussels sprouts||green chile chocolate tart 
haggis||brussels sprouts||saffron kheer 
ciopinno||cauliflower||cherry ice cream 
hasenpfeffer||potato au gratin||saffron kheer 
green coconut curry||roasted green beans|| 
green coconut curry|||| 
Miquel's Pizza||roasted green beans||melopita 
pesce con vivo||cauliflower||creme brulee 
hasenpfeffer||broccali||creme brulee 
hasenpfeffer||Chef John 5-spice carrots||melopita 
||roasted green beans||green chile chocolate tart 
haggis||broccali||green chile chocolate tart 
falafel||kale||green chile chocolate tart 
pesce con vivo||cauliflower||saffron kheer 
falafel||broccali||tavuk göğsü 
Miquel's Pizza||peas||cherry ice cream 
||cauliflower|| 
potato pie||broccali||cherry ice cream 
Miquel's Pizza||brussels sprouts||creme brulee 
||broccali||cinnamon brioche 
pesce con vivo||cauliflower||tavuk göğsü 
potato pie||broccali||tavuk göğsü 
hasenpfeffer||Chef John 5-spice carrots||melopita 
||potato au gratin||mom's peach cobbler 
haggis||peas||melopita 
falafel||broccali||creme brulee 
haggis||cauliflower||cinnamon brioche 
Miquel's Pizza||cauliflower|| 
haggis||Chef John 5-spice carrots|| 
hasenpfeffer||potato au gratin||green chile chocolate tart 
Miquel's Pizza||Chef John 5-spice carrots||saffron kheer 
pesce con vivo||cauliflower|| 
hasenpfeffer||kale||cinnamon brioche 
pesce con vivo||potato au gratin||cinnamon brioche 
pesce con vivo||broccali||cherry ice cream 
falafel||||saffron kheer 
ciopinno||cauliflower||cherry ice cream 
pesce con vivo||broccali||creme brulee 
pesce con vivo||||cherry ice cream 
||kale||mom's peach cobbler 
green coconut curry||potato au gratin||mom's peach cobbler 
Miquel's Pizza||potato au gratin||melopita 
Miquel's Pizza|||| 
green coconut curry||peas||cherry ice cream 
ciopinno||kale||cinnamon brioche 
potato pie||peas||tavuk göğsü 
Miquel's Pizza||broccali||mom's peach cobbler 
ciopinno||Chef John 5-spice carrots||tavuk göğsü 
||broccali||tavuk göğsü 
||broccali|| 
haggis||potato au gratin||melopita 
hasenpfeffer||potato au gratin||green chile chocolate tart 
hasenpfeffer||broccali||mom's peach cobbler 
potato pie||||green chile chocolate tart 
||potato au gratin||tavuk göğsü 
Miquel's Pizza||||green chile chocolate tart 
haggis||cauliflower||green chile chocolate tart 
||broccali||green chile chocolate tart 
potato pie||cauliflower||creme brulee 
Miquel's Pizza||cauliflower||saffron kheer 
green coconut curry||broccali|| 
Miquel's Pizza||||green chile chocolate tart 
hasenpfeffer||Chef John 5-spice carrots||green chile chocolate tart 
green coconut curry||kale||saffron kheer 
Miquel's Pizza||broccali||mom's peach cobbler 
green coconut curry||broccali||saffron kheer 
haggis||broccali||saffron kheer 
falafel||cauliflower||green chile chocolate tart 
falafel||roasted green beans||green chile chocolate tart 
ciopinno||kale||cinnamon brioche 
pesce con vivo||broccali||mom's peach cobbler 
hasenpfeffer||||green chile chocolate tart 
pesce con vivo||roasted green beans||mom's peach cobbler 
green coconut curry||||melopita 
ciopinno||cauliflower||saffron kheer 
hasenpfeffer||roasted green beans||creme brulee 
hasenpfeffer||||saffron kheer 
hasenpfeffer||cauliflower||saffron kheer 
||peas||green chile chocolate tart 
Miquel's Pizza||peas||creme brulee 
hasenpfeffer||brussels sprouts||cherry ice cream 
pesce con vivo||kale||melopita 
||brussels sprouts||saffron kheer 
pesce con vivo||cauliflower||mom's peach cobbler 
potato pie||broccali||cinnamon brioche 
haggis|||| 
potato pie||broccali|| 
Miquel's Pizza||brussels sprouts||green chile chocolate tart 
||potato au gratin|| 
hasenpfeffer||brussels sprouts||cinnamon brioche 
pesce con vivo||potato au gratin|| 
potato pie||broccali||mom's peach cobbler 
pesce con vivo||Chef John 5-spice carrots||creme brulee 
Miquel's Pizza||roasted green beans||creme brulee 
ciopinno||cauliflower||cinnamon brioche 
pesce con vivo||peas||melopita 
potato pie||brussels sprouts||mom's peach cobbler 
hasenpfeffer||brussels sprouts|| 
hasenpfeffer||peas||cherry ice cream 
hasenpfeffer||kale||cherry ice cream 
haggis||broccali||cherry ice cream 
hasenpfeffer||Chef John 5-spice carrots||cinnamon brioche 
hasenpfeffer||potato au gratin||melopita 
green coconut curry||kale||melopita 
ciopinno||Chef John 5-spice carrots||cherry ice cream 
potato pie||cauliflower||green chile chocolate tart 
Miquel's Pizza||kale||melopita 
hasenpfeffer||peas||tavuk göğsü 
falafel||roasted green beans||cherry ice cream 
ciopinno||Chef John 5-spice carrots||creme brulee 
falafel||peas||green chile chocolate tart 
Miquel's Pizza||peas|| 
green coconut curry||cauliflower||saffron kheer 
hasenpfeffer||brussels sprouts|| 
pesce con vivo||peas|| 
||kale|| 
green coconut curry||||creme brulee 
potato pie||broccali||saffron kheer 
falafel||Chef John 5-spice carrots||saffron kheer 
||peas||melopita 
hasenpfeffer||broccali||cinnamon brioche 
haggis||roasted green beans||green chile chocolate tart 
hasenpfeffer||cauliflower|| 
ciopinno||kale||saffron kheer 
green coconut curry||cauliflower||saffron kheer 
||Chef John 5-spice carrots||cinnamon brioche 
||broccali||saffron kheer 
ciopinno||peas||cherry ice cream 
Miquel's Pizza||roasted green beans||cherry ice cream 
||potato au gratin||melopita 
falafel||cauliflower|| 
||Chef John 5-spice carrots||creme brulee 
falafel||brussels sprouts||creme brulee 
falafel||peas||cherry ice cream 
hasenpfeffer||cauliflower||cherry ice cream 
ciopinno||roasted green beans|| 
hasenpfeffer||kale||mom's peach cobbler 
haggis||broccali||melopita 
ciopinno||Chef John 5-spice carrots|| 
haggis||broccali||creme brulee 
ciopinno||brussels sprouts||melopita 
pesce con vivo||||green chile chocolate tart 
haggis||Chef John 5-spice carrots||mom's peach cobbler 
pesce con vivo||kale||green chile chocolate tart 
falafel||potato au gratin||tavuk göğsü 
green coconut curry||potato au gratin||green chile chocolate tart 
haggis||broccali||cherry ice cream 
haggis||potato au gratin||mom's peach cobbler 
hasenpfeffer||kale||cinnamon brioche 
green coconut curry||Chef John 5-spice carrots||saffron kheer 
||||melopita 
green coconut curry||kale||mom's peach cobbler 
falafel||roasted green beans|| 
haggis||peas||cherry ice cream 
Miquel's Pizza||brussels sprouts||mom's peach cobbler 
haggis||Chef John 5-spice carrots|| 
Miquel's Pizza||broccali||cinnamon brioche 
||peas|| 
falafel||roasted green beans||creme brulee 
haggis||kale||cinnamon brioche 
pesce con vivo||potato au gratin||creme brulee 
falafel||cauliflower||cinnamon brioche 
green coconut curry||kale|| 
Miquel's Pizza||brussels sprouts||melopita 
potato pie||Chef John 5-spice carrots||green chile chocolate tart 
pesce con vivo||potato au gratin||creme brulee 
hasenpfeffer||brussels sprouts||melopita 
haggis||roasted green beans||mom's peach cobbler 
pesce con vivo||Chef John 5-spice carrots||melopita 
ciopinno||Chef John 5-spice carrots||creme brulee 
potato pie||kale||green chile chocolate tart 
potato pie||cauliflower||saffron kheer 
haggis||broccali||tavuk göğsü 
pesce con vivo||kale||cinnamon brioche 
pesce con vivo||potato au gratin|| 
pesce con vivo||Chef John 5-spice carrots||tavuk göğsü 
ciopinno||||tavuk göğsü 
falafel||Chef John 5-spice carrots||tavuk göğsü 
haggis||potato au gratin||tavuk göğsü 
green coconut curry||brussels sprouts||cherry ice cream 
Miquel's Pizza||kale||mom's peach cobbler 
hasenpfeffer||brussels sprouts||tavuk göğsü 
hasenpfeffer||peas||creme brulee 
ciopinno||brussels sprouts|| 
haggis||brussels sprouts||green chile chocolate tart 
Miquel's Pizza||broccali||mom's peach cobbler 
potato pie||Chef John 5-spice carrots||cherry ice cream 
falafel||brussels sprouts||cinnamon brioche 
haggis||kale||tavuk göğsü 
falafel||||melopita 
falafel||potato au gratin||melopita 
||cauliflower||green chile chocolate tart 
falafel||broccali||tavuk göğsü 
hasenpfeffer||potato au gratin||saffron kheer 
falafel||peas||mom's peach cobbler 
falafel||potato au gratin||saffron kheer 
||cauliflower||cinnamon brioche 
haggis||||green chile chocolate tart 
||kale||mom's peach cobbler 
pesce con vivo||cauliflower||cinnamon brioche 
pesce con vivo||roasted green beans||mom's peach cobbler 
falafel||peas||mom's peach cobbler 
hasenpfeffer||roasted green beans||mom's peach cobbler 
green coconut curry||roasted green beans||green chile chocolate tart 
pesce con vivo||potato au gratin|| 
green coconut curry||brussels sprouts||melopita 
||Chef John 5-spice carrots||mom's peach cobbler 
pesce con vivo||cauliflower||cinnamon brioche 
potato pie||roasted green beans||tavuk göğsü 
ciopinno||potato au gratin||melopita 
Miquel's Pizza||cauliflower||green chile chocolate tart 
||kale||tavuk göğsü 
haggis||cauliflower||creme brulee 
ciopinno||potato au gratin||creme brulee 
pesce con vivo||||saffron kheer 
pesce con vivo||Chef John 5-spice carrots||cinnamon brioche 
hasenpfeffer||cauliflower||mom's peach cobbler 
Miquel's Pizza||cauliflower||mom's peach cobbler 
hasenpfeffer||roasted green beans||mom's peach cobbler 
||peas||cherry ice cream 
haggis||Chef John 5-spice carrots||cherry ice cream 
ciopinno||peas||tavuk göğsü 
green coconut curry||brussels sprouts||cherry ice cream 
potato pie||kale||cinnamon brioche 
||kale||tavuk göğsü 
Miquel's Pizza||broccali||tavuk göğsü 
falafel||cauliflower||creme brulee 
green coconut curry||kale||cinnamon brioche 
falafel||brussels sprouts||saffron kheer 
potato pie||Chef John 5-spice carrots||green chile chocolate tart 
||kale||cherry ice cream 
hasenpfeffer||potato au gratin||tavuk göğsü 
ciopinno||||cherry ice cream 
potato pie||kale||cherry ice cream 
green coconut curry||brussels sprouts||cherry ice cream 
hasenpfeffer||brussels sprouts||tavuk göğsü 
green coconut curry||kale||green chile chocolate tart 
green coconut curry||potato au gratin||cinnamon brioche 
hasenpfeffer||Chef John 5-spice carrots|| 
pesce con vivo||kale||cinnamon brioche 
potato pie||peas||melopita 
pesce con vivo||cauliflower||green chile chocolate tart 
||kale||cherry ice cream 
potato pie||brussels sprouts||mom's peach cobbler 
ciopinno||Chef John 5-spice carrots||creme brulee 
potato pie||peas||green chile chocolate tart 
green coconut curry||broccali||saffron kheer 
Miquel's Pizza||peas||tavuk göğsü 
falafel||peas||saffron kheer 
haggis||Chef John 5-spice carrots||saffron kheer 
falafel||potato au gratin||creme brulee 
pesce con vivo||potato au gratin||melopita 
||cauliflower||melopita 
green coconut curry||Chef John 5-spice carrots||creme brulee 
haggis||peas||melopita 
potato pie||broccali||cinnamon brioche 
pesce con vivo||Chef John 5-spice carrots||saffron kheer 
falafel||broccali||mom's peach cobbler 
Miquel's Pizza||broccali||creme brulee 
potato pie||brussels sprouts||green chile chocolate tart 
falafel||||mom's peach cobbler 
ciopinno||potato au gratin||creme brulee 
hasenpfeffer||cauliflower||cinnamon brioche 
falafel||roasted green beans||melopita 
ciopinno||peas||mom's peach cobbler 
Miquel's Pizza||brussels sprouts||green chile chocolate tart 
pesce con vivo||roasted green beans||saffron kheer 
||potato au gratin||creme brulee 
pesce con vivo||roasted green beans||cherry ice cream 
Miquel's Pizza|||| 
haggis||roasted green beans||melopita 
Miquel's Pizza||potato au gratin|| 
green coconut curry||Chef John 5-spice carrots||cherry ice cream 
falafel||kale||green chile chocolate tart 
potato pie||brussels sprouts||creme brulee 
pesce con vivo||kale||cherry ice cream 
haggis||brussels sprouts||cherry ice cream 
potato pie||Chef John 5-spice carrots||melopita 
haggis||roasted green beans||saffron kheer 
pesce con vivo||potato au gratin||creme brulee 
falafel||roasted green beans||cherry ice cream 
||peas||mom's peach cobbler 
potato pie||kale||mom's peach cobbler 
ciopinno||peas||tavuk göğsü 
ciopinno||cauliflower||saffron kheer 
ciopinno||peas||cherry ice cream 
ciopinno||roasted green beans||cinnamon brioche 
hasenpfeffer||roasted green beans||tavuk göğsü 
||brussels sprouts||cherry ice cream 
green coconut curry||kale||green chile chocolate tart 
Miquel's Pizza||||melopita 
Miquel's Pizza||brussels sprouts||tavuk göğsü 
pesce con vivo||brussels sprouts||mom's peach cobbler 
pesce con vivo||||creme brulee 
||roasted green beans||mom's peach cobbler 
falafel||potato au gratin||mom's peach cobbler 
ciopinno||potato au gratin||cinnamon brioche 
green coconut curry||broccali||tavuk göğsü 
ciopinno||cauliflower||creme brulee 
hasenpfeffer||kale||cherry ice cream 
hasenpfeffer||peas||creme brulee 
haggis||brussels sprouts||green chile chocolate tart 
hasenpfeffer||Chef John 5-spice carrots||tavuk göğsü 
hasenpfeffer||Chef John 5-spice carrots|| 
Miquel's Pizza||peas||saffron kheer 
haggis||peas||melopita 
green coconut curry||cauliflower||green chile chocolate tart 
Miquel's Pizza||peas|| 
pesce con vivo||broccali||creme brulee 
ciopinno||potato au gratin||cherry ice cream 
hasenpfeffer||Chef John 5-spice carrots||creme brulee 
haggis|||| 
haggis||potato au gratin||cinnamon brioche 
ciopinno||broccali|| 
hasenpfeffer||brussels sprouts||melopita 
ciopinno||cauliflower||melopita 
ciopinno||brussels sprouts|| 
potato pie||cauliflower||cinnamon brioche 
falafel||brussels sprouts||saffron kheer 
falafel||||saffron kheer 
hasenpfeffer||kale||melopita 
hasenpfeffer||||mom's peach cobbler 
potato pie||brussels sprouts|| 
hasenpfeffer||roasted green beans||melopita 
falafel||||cherry ice cream 
haggis||broccali||creme brulee 
hasenpfeffer||Chef John 5-spice carrots||melopita 
potato pie||broccali||mom's peach cobbler 
hasenpfeffer||cauliflower||green chile chocolate tart 
haggis||roasted green beans||saffron kheer 
ciopinno||||cherry ice cream 
||peas||mom's peach cobbler 
hasenpfeffer||peas||cinnamon brioche 
pesce con vivo||||cherry ice cream 
hasenpfeffer||brussels sprouts||green chile chocolate tart 
pesce con vivo||broccali||creme brulee 
pesce con vivo||broccali|| 
green coconut curry||roasted green beans|| 
green coconut curry||roasted green beans||cinnamon brioche 
ciopinno||roasted green beans||mom's peach cobbler 
haggis||cauliflower||cherry ice cream 
ciopinno||||melopita 
||peas||creme brulee 
ciopinno||potato au gratin||cinnamon brioche 
ciopinno||brussels sprouts||mom's peach cobbler 
hasenpfeffer||peas||melopita 
pesce con vivo||broccali||tavuk göğsü 
